sr,category,district,taluka,village,regno,name,name_confidence,rooms,commercial_value_raw,commercial_value,regulatory_urgency_raw,regulatory_urgency,service_tier,service_tier_score_raw,service_tier_score,value_score,decision_fit,phase1_score,tier
955,B,North Goa,Bardez,Calangute,HOTN001350,Adamo The Bellus,high,117,6.882643049361842,0.7674098289150296,3,1.0,1,3,1.0,0.907,1.0,0.907,Priority
6940,A,North Goa,Bardez,Calangute,HOTN012519,116,low,116,6.870364719583405,0.7660408038345402,3,1.0,1,3,1.0,0.9064,1.0,0.9064,Priority
2925,A,North Goa,Bardez,Arpora,HOTN004119,115,low,115,6.857980995127572,0.7646600273221126,3,1.0,1,3,1.0,0.9059,1.0,0.9059,Priority
1295,A,North Goa,Bardez,Candolim,HOTN003248,Holiday Inn Goa Candolim,high,110,6.794415866350106,0.7575725604507049,3,1.0,1,3,1.0,0.903,1.0,0.903,Priority
5381,A,North Goa,Bardez,Anjuna,HOTN001004,W Goa,high,109,6.78135971352466,0.7561168086509666,3,1.0,1,3,1.0,0.9024,1.0,0.9024,Priority
4883,B,North Goa,Bardez,Assagao,HOTN000315,Royale Assagao,high,106,6.7414669864011465,0.7516687978101825,3,1.0,1,3,1.0,0.9007,1.0,0.9007,Priority
6609,A,North Goa,Bardez,Candolim,HOTN000225,Whispering Palms Beach,high,106,6.7414669864011465,0.7516687978101825,3,1.0,1,3,1.0,0.9007,1.0,0.9007,Priority
8274,A,North Goa,Bardez,Candolim,HOTN002429,104,low,104,6.714245517666122,0.7486336233118192,3,1.0,1,3,1.0,0.8995,1.0,0.8995,Priority
5263,A,North Goa,Bardez,Arpora,HOTN000224,"Ximer, Arpora, Bardez, North Goa",high,104,6.714245517666122,0.7486336233118192,3,1.0,1,3,1.0,0.8995,1.0,0.8995,Priority
1406,B,North Goa,Bardez,Calangute,HOTN000753,Nazri Resort,high,104,6.714245517666122,0.7486336233118192,3,1.0,1,3,1.0,0.8995,1.0,0.8995,Priority
6471,A,North Goa,Bardez,Candolim,HOTN006844,Fortune Select Candolim,high,103,6.700439718141092,0.7470942864356287,3,1.0,1,3,1.0,0.8988,1.0,0.8988,Priority
7275,A,North Goa,Bardez,Candolim,HOTN000636,Fortune Acron Regina,high,102,6.6865005271832185,0.745540076509082,3,1.0,1,3,1.0,0.8982,1.0,0.8982,Priority
1398,B,North Goa,Bardez,Candolim,HOTN000166,102,low,102,6.6865005271832185,0.745540076509082,3,1.0,1,3,1.0,0.8982,1.0,0.8982,Priority
1508,B,North Goa,Bardez,Calangute,HOTN000880,100,low,100,6.6582114827517955,0.7423858680761312,3,1.0,1,3,1.0,0.897,1.0,0.897,Priority
7378,B,North Goa,Bardez,Candolim,HOTN005144,Hyatt Place,high,97,6.614709844115209,0.737535466155793,3,1.0,1,3,1.0,0.895,1.0,0.895,Priority
933,B,North Goa,Bardez,Calangute,HOTN000637,Paradise Village Beach Resort,high,96,6.599912842187128,0.7358856109131712,3,1.0,1,3,1.0,0.8944,1.0,0.8944,Priority
1373,A,North Goa,Bardez,Arpora,HOTN001177,96,low,96,6.599912842187128,0.7358856109131712,3,1.0,1,3,1.0,0.8944,1.0,0.8944,Priority
2798,A,North Goa,Bardez,Arpora,HOTN003513,95,low,95,6.584962500721156,0.7342186584205984,3,1.0,1,3,1.0,0.8937,1.0,0.8937,Priority
1250,A,North Goa,Bardez,Penha-De-France,HOTN000540,Neo Majestic,high,94,6.569855608330948,0.7325342506107698,3,1.0,1,3,1.0,0.893,1.0,0.893,Priority
6961,B,North Goa,Bardez,Calangute,HOTN012403,Symbol,high,91,6.523561956057013,0.7273725411458738,3,1.0,1,3,1.0,0.8909,1.0,0.8909,Priority
1741,B,North Goa,Bardez,Calangute,HOTN001294,Ticlo Resort,high,91,6.523561956057013,0.7273725411458738,3,1.0,1,3,1.0,0.8909,1.0,0.8909,Priority
1168,C,North Goa,Bardez,Arpora,HOTN001358,Riverside Regency Resort,high,90,6.507794640198696,0.725614496586756,3,1.0,1,3,1.0,0.8902,1.0,0.8902,Priority
6545,B,North Goa,Bardez,Arpora,HOTN007577,Rio Convention,high,90,6.507794640198696,0.725614496586756,3,1.0,1,3,1.0,0.8902,1.0,0.8902,Priority
4181,A,North Goa,Bardez,Candolim,HOTN000613,Highland Beach Resort,high,90,6.507794640198696,0.725614496586756,3,1.0,1,3,1.0,0.8902,1.0,0.8902,Priority
7583,A,North Goa,Bardez,Candolim,HOTN005713,Antarim Resort Llp,high,87,6.459431618637298,0.7202220539108733,3,1.0,1,3,1.0,0.8881,1.0,0.8881,Priority
794,A,North Goa,Bardez,Nerul,HOTN000453,Hotel Deltin Suites,high,86,6.442943495848729,0.7183836398891729,3,1.0,1,3,1.0,0.8874,1.0,0.8874,Priority
1572,B,North Goa,Bardez,Calangute,HOTN002979,Resort De Crossroad Pvt Ltd,high,86,6.442943495848729,0.7183836398891729,3,1.0,1,3,1.0,0.8874,1.0,0.8874,Priority
2328,B,North Goa,Bardez,Calangute,HOTN000380,Sun City Resorts,high,86,6.442943495848729,0.7183836398891729,3,1.0,1,3,1.0,0.8874,1.0,0.8874,Priority
816,B,North Goa,Bardez,Calangute,HOTN000832,Ocean Palms Goa,high,85,6.426264754702098,0.7165239720554558,3,1.0,1,3,1.0,0.8866,1.0,0.8866,Priority
5205,C,North Goa,Bardez,Calangute,HOTN002669,Villa Goesa Beach Resort,high,85,6.426264754702098,0.7165239720554558,3,1.0,1,3,1.0,0.8866,1.0,0.8866,Priority
1621,B,North Goa,Bardez,Candolim,HOTN001502,Silver Sands Serenity,high,84,6.409390936137703,0.7146425532277213,3,1.0,1,3,1.0,0.8859,1.0,0.8859,Priority
751,A,North Goa,Bardez,Arpora,HOTN000490,Resort Rio,high,82,6.375039431346925,0.710812384755319,3,1.0,1,3,1.0,0.8843,1.0,0.8843,Priority
5196,B,North Goa,Bardez,Candolim,HOTN000347,Marquis Hotels Ltd,high,81,6.357552004618085,0.7088625490515209,3,1.0,1,3,1.0,0.8835,1.0,0.8835,Priority
1560,C,North Goa,Bardez,Calangute,HOTN002742,Palmarinha Resort,high,80,6.339850002884625,0.7068887883865701,3,1.0,1,3,1.0,0.8828,1.0,0.8828,Priority
527,C,North Goa,Bardez,Calangute,HOTN000183,So My Resorts Pvt Ltd,high,79,6.321928094887362,0.7048905083288405,3,1.0,1,3,1.0,0.882,1.0,0.882,Priority
4183,C,North Goa,Bardez,Calangute,HOTN001601,78,low,78,6.303780748177103,0.7028670920141629,3,1.0,1,3,1.0,0.8811,1.0,0.8811,Priority
6677,B,North Goa,Bardez,Candolim,HOTN001175,Radisson Goa Candolim,high,78,6.303780748177103,0.7028670920141629,3,1.0,1,3,1.0,0.8811,1.0,0.8811,Priority
6581,B,North Goa,Bardez,Arpora,HOTN003299,Hotel Shanti Solitaire,high,77,6.285402218862249,0.7008178990026889,3,1.0,1,3,1.0,0.8803,1.0,0.8803,Priority
6756,B,North Goa,Bardez,Candolim,HOTN001278,Magnum Resort,high,76,6.266786540694902,0.6987422640620006,3,1.0,1,3,1.0,0.8795,1.0,0.8795,Priority
7479,A,North Goa,Bardez,Candolim,HOTN000266,The O Hotel,high,75,6.247927513443586,0.6966394958706764,3,1.0,1,3,1.0,0.8787,1.0,0.8787,Priority
7197,C,North Goa,Bardez,Candolim,HOTN008137,Botanica By Raichandani,high,75,6.247927513443586,0.6966394958706764,3,1.0,1,3,1.0,0.8787,1.0,0.8787,Priority
1602,A,North Goa,Bardez,Calangute,HOTN000553,Hotel Goan Heritage,high,75,6.247927513443586,0.6966394958706764,3,1.0,1,3,1.0,0.8787,1.0,0.8787,Priority
1678,B,North Goa,Bardez,Pilerne,HOTN000264,Otium By The Oterra,high,74,6.22881869049588,0.6945088756359941,3,1.0,1,3,1.0,0.8778,1.0,0.8778,Priority
8390,B,North Goa,Bardez,Candolim,HOTN003891,"Candolim, Candolim, Bardez, North Goa- 403515",high,73,6.209453365628951,0.6923496556188536,3,1.0,1,3,1.0,0.8769,1.0,0.8769,Priority
5175,B,North Goa,Bardez,Candolim,HOTN004837,72,low,72,6.189824558880018,0.6901610575583452,3,1.0,1,3,1.0,0.8761,1.0,0.8761,Priority
2599,B,North Goa,Bardez,Calangute,HOTN002443,Sairaj Beach Resort Llp,high,72,6.189824558880018,0.6901610575583452,3,1.0,1,3,1.0,0.8761,1.0,0.8761,Priority
1553,C,North Goa,Bardez,Candolim,HOTN000179,Silver Sands Holiday Village,high,71,6.169925001442312,0.6879422709876585,3,1.0,1,3,1.0,0.8752,1.0,0.8752,Priority
4221,A,North Goa,Bardez,Candolim,HOTN005621,The Astor Goa,high,70,6.149747119504682,0.6856924514322102,3,1.0,1,3,1.0,0.8743,1.0,0.8743,Priority
3761,B,North Goa,Bardez,Anjuna,HOTN006708,The Palace,high,70,6.149747119504682,0.6856924514322102,3,1.0,1,3,1.0,0.8743,1.0,0.8743,Priority
7358,C,North Goa,Bardez,Calangute,HOTN000406,Santiago Resort,high,70,6.149747119504682,0.6856924514322102,3,1.0,1,3,1.0,0.8743,1.0,0.8743,Priority
7618,B,North Goa,Bardez,Calangute,HOTN000658,Citrus Resorts Pvt Ltd,high,70,6.149747119504682,0.6856924514322102,3,1.0,1,3,1.0,0.8743,1.0,0.8743,Priority
262,B,North Goa,Bardez,Calangute,HOTN002599,La Dinero,high,69,6.129283016944967,0.6834107184799679,3,1.0,1,3,1.0,0.8734,1.0,0.8734,Priority
4250,B,North Goa,Bardez,Calangute,HOTN002600,La Dinero,high,69,6.129283016944967,0.6834107184799679,3,1.0,1,3,1.0,0.8734,1.0,0.8734,Priority
5820,C,North Goa,Bardez,Assagao,HOTN007725,Raya Resorts & Spa,high,68,6.10852445677817,0.681096153712934,3,1.0,1,3,1.0,0.8724,1.0,0.8724,Priority
470,C,North Goa,Bardez,Calangute,HOTN000312,Chalston Hotel,high,67,6.08746284125034,0.6787477984876278,3,1.0,1,3,1.0,0.8715,1.0,0.8715,Priority
5397,C,North Goa,Bardez,Calangute,HOTN007254,Sky Seven,high,66,6.066089190457772,0.6763646515511417,3,1.0,1,3,1.0,0.8705,1.0,0.8705,Priority
4753,B,North Goa,Bardez,Pilerne,HOTN002480,Hotel Gautam,high,66,6.066089190457772,0.6763646515511417,3,1.0,1,3,1.0,0.8705,1.0,0.8705,Priority
2654,B,North Goa,Bardez,Nagoa,HOTN001085,Ramada Goa Arpora,high,65,6.044394119358453,0.6739456664779333,3,1.0,1,3,1.0,0.8696,1.0,0.8696,Priority
7090,B,North Goa,Bardez,Calangute,HOTN001739,Rivasa Resort,high,65,6.044394119358453,0.6739456664779333,3,1.0,1,3,1.0,0.8696,1.0,0.8696,Priority
1145,C,North Goa,Bardez,Calangute,HOTN001018,Resort Terra Paraiso,high,65,6.044394119358453,0.6739456664779333,3,1.0,1,3,1.0,0.8696,1.0,0.8696,Priority
4264,A,North Goa,Bardez,Calangute,HOTN005508,The Avenue Grand,high,64,6.022367813028454,0.6714897489109309,3,1.0,1,3,1.0,0.8686,1.0,0.8686,Priority
1186,B,North Goa,Bardez,Anjuna,HOTN002112,Alcove Resort,high,64,6.022367813028454,0.6714897489109309,3,1.0,1,3,1.0,0.8686,1.0,0.8686,Priority
7814,C,North Goa,Bardez,Calangute,HOTN002581,Sinq Beach Resorts,high,63,6.0,0.6689957535887471,3,1.0,1,3,1.0,0.8676,1.0,0.8676,Priority
5055,B,North Goa,Bardez,Calangute,HOTN000835,Ria Hospitality Pvt Ltd,high,62,5.977279923499917,0.6664624811387859,3,1.0,1,3,1.0,0.8666,1.0,0.8666,Priority
4470,B,North Goa,Bardez,Candolim,HOTN000311,Goveia Holiday Homes,high,62,5.977279923499917,0.6664624811387859,3,1.0,1,3,1.0,0.8666,1.0,0.8666,Priority
6648,A,North Goa,Bardez,Anjuna,HOTN008144,The Evren,high,61,5.954196310386876,0.6638886746137675,3,1.0,1,3,1.0,0.8656,1.0,0.8656,Priority
4113,C,North Goa,Bardez,Anjuna,HOTN006523,Dev Shanti Realtors,high,61,5.954196310386876,0.6638886746137675,3,1.0,1,3,1.0,0.8656,1.0,0.8656,Priority
5224,A,North Goa,Bardez,Penha-De-France,HOTN007110,Hotel Neo Majestic- Annex,high,60,5.930737337562887,0.6612730157466338,3,1.0,1,3,1.0,0.8645,1.0,0.8645,Priority
7042,B,North Goa,Bardez,Anjuna,HOTN004045,Avataara Resort And Spa,high,60,5.930737337562887,0.6612730157466338,3,1.0,1,3,1.0,0.8645,1.0,0.8645,Priority
6730,C,North Goa,Bardez,Calangute,HOTN002138,Palm Resort,high,60,5.930737337562887,0.6612730157466338,3,1.0,1,3,1.0,0.8645,1.0,0.8645,Priority
7914,B,North Goa,Bardez,Candolim,HOTN002402,The Lohias,high,60,5.930737337562887,0.6612730157466338,3,1.0,1,3,1.0,0.8645,1.0,0.8645,Priority
1645,B,North Goa,Bardez,Candolim,HOTN000554,Resort A Unit Of Fleur Hotel,high,60,5.930737337562887,0.6612730157466338,3,1.0,1,3,1.0,0.8645,1.0,0.8645,Priority
6484,A,North Goa,Bardez,Calangute,HOTN001955,60,low,60,5.930737337562887,0.6612730157466338,3,1.0,1,3,1.0,0.8645,1.0,0.8645,Priority
7018,B,North Goa,Bardez,Nagoa,HOTN012411,Verano Hotel & Spa,high,59,5.906890595608519,0.6586141208959007,3,1.0,1,3,1.0,0.8634,1.0,0.8634,Priority
5216,B,North Goa,Bardez,Anjuna,HOTN002005,Okean De Goa,high,59,5.906890595608519,0.6586141208959007,3,1.0,1,3,1.0,0.8634,1.0,0.8634,Priority
2434,B,North Goa,Bardez,Candolim,HOTN003591,Hotel De Mandarin,high,58,5.882643049361842,0.6559105366502384,3,1.0,1,3,1.0,0.8624,1.0,0.8624,Priority
595,A,North Goa,Bardez,Arpora,HOTN000874,58,low,58,5.882643049361842,0.6559105366502384,3,1.0,1,3,1.0,0.8624,1.0,0.8624,Priority
752,A,North Goa,Bardez,Arpora,HOTN000669,Rio Royale,high,58,5.882643049361842,0.6559105366502384,3,1.0,1,3,1.0,0.8624,1.0,0.8624,Priority
4634,B,North Goa,Bardez,Arpora,HOTN001803,Maizons Lake View Resorts,high,56,5.832890014164742,0.6503631084377366,3,1.0,1,3,1.0,0.8601,1.0,0.8601,Priority
6538,C,North Goa,Bardez,Arpora,HOTN007554,"Royal Developers Hotel Arpora 54/1b Mainath Bhati, Arpora, Bardez, North Goa",high,56,5.832890014164742,0.6503631084377366,3,1.0,1,3,1.0,0.8601,1.0,0.8601,Priority
1556,C,North Goa,Bardez,Mapusa,HOTN002385,Sharayu One,high,55,5.807354922057605,0.6475159637398745,3,1.0,1,3,1.0,0.859,1.0,0.859,Priority
389,C,North Goa,Bardez,Candolim,HOTN000273,Santana Beach Resort,high,55,5.807354922057605,0.6475159637398745,3,1.0,1,3,1.0,0.859,1.0,0.859,Priority
4887,C,North Goa,Bardez,Anjuna,HOTN006312,The Byke Royal Pearl,high,54,5.78135971352466,0.6446175163861755,3,1.0,1,3,1.0,0.8578,1.0,0.8578,Priority
9453,B,North Goa,Bardez,Candolim,HOTN001387,Sea Breeze,high,54,5.78135971352466,0.6446175163861755,3,1.0,1,3,1.0,0.8578,1.0,0.8578,Priority
1409,B,North Goa,Bardez,Candolim,HOTN001187,The Acacia Hotel & Spa,high,54,5.78135971352466,0.6446175163861755,3,1.0,1,3,1.0,0.8578,1.0,0.8578,Priority
1898,B,North Goa,Bardez,Calangute,HOTN000239,Hotel Calangute Towers,high,53,5.754887502163469,0.6416658835547188,3,1.0,1,3,1.0,0.8567,1.0,0.8567,Priority
8080,B,North Goa,Bardez,Calangute,HOTN007608,Vilmaris Calangute,high,52,5.7279204545632,0.6386590768328178,3,1.0,1,3,1.0,0.8555,1.0,0.8555,Priority
6955,B,North Goa,Bardez,Calangute,HOTN001628,Calangute Residency,high,52,5.7279204545632,0.6386590768328178,3,1.0,1,3,1.0,0.8555,1.0,0.8555,Priority
3515,B,North Goa,Bardez,Calangute,HOTN001505,Bloomrooms,high,52,5.7279204545632,0.6386590768328178,3,1.0,1,3,1.0,0.8555,1.0,0.8555,Priority
7178,C,North Goa,Bardez,Candolim,HOTN000440,"Dando, Candolim, Bardez, North Goa- 403515",high,52,5.7279204545632,0.6386590768328178,3,1.0,1,3,1.0,0.8555,1.0,0.8555,Priority
597,B,North Goa,Bardez,Candolim,HOTN000184,Sonesta Inns,high,52,5.7279204545632,0.6386590768328178,3,1.0,1,3,1.0,0.8555,1.0,0.8555,Priority
4640,C,North Goa,Bardez,Anjuna,HOTN006374,Dreamsville Hotel And Resorts,high,51,5.700439718141093,0.6355949941708375,3,1.0,1,3,1.0,0.8542,1.0,0.8542,Priority
9431,A,South Goa,Salcete,Colva,HOTS000212,120,low,120,6.9188632372745955,0.7714483542329994,3,1.0,2,2,0.6666666666666666,0.8252,1.0,0.8252,Priority
8558,B,South Goa,Salcete,Varca,HOTS000749,Sea Breeze Max Resorts & Spa,high,116,6.870364719583405,0.7660408038345402,3,1.0,2,2,0.6666666666666666,0.8231,1.0,0.8231,Priority
8689,A,South Goa,Salcete,Utorda,HOTS000285,115,low,115,6.857980995127572,0.7646600273221126,3,1.0,2,2,0.6666666666666666,0.8225,1.0,0.8225,Priority
2227,A,South Goa,Salcete,Benaulim,HOTS000788,Azaya Beach Resort Goa,high,114,6.845490050944376,0.7632672958859672,3,1.0,2,2,0.6666666666666666,0.822,1.0,0.822,Priority
8709,A,South Goa,Salcete,Benaulim,HOTS000141,Fortune Resort Benaulim Goa,high,113,6.832890014164742,0.7618624007025278,3,1.0,2,2,0.6666666666666666,0.8214,1.0,0.8214,Priority
7697,B,North Goa,Pernem,Morgim,HOTN000137,Turtle Beach Resorts,high,107,6.754887502163469,0.7531651758195099,3,1.0,2,2,0.6666666666666666,0.8179,1.0,0.8179,Priority
963,A,South Goa,Salcete,Varca,HOTS000275,Club Mahindra Emerald Palms,high,106,6.7414669864011465,0.7516687978101825,3,1.0,2,2,0.6666666666666666,0.8173,1.0,0.8173,Priority
9169,A,South Goa,Salcete,Majorda,HOTS000062,Kenilworth Resort And Spa,high,104,6.714245517666122,0.7486336233118192,3,1.0,2,2,0.6666666666666666,0.8161,1.0,0.8161,Priority
1252,A,North Goa,Tiswadi,Panaji,HOTN000543,Hotel Fidalgo,high,102,6.6865005271832185,0.745540076509082,3,1.0,2,2,0.6666666666666666,0.8149,1.0,0.8149,Priority
9462,A,North Goa,Tiswadi,Chimbel,HOTN012522,"Goa Bipass Road Tiswadi, Chimbel, Tiswadi, North",high,98,6.6293566200796095,0.7391685713097846,3,1.0,2,2,0.6666666666666666,0.8123,1.0,0.8123,Priority
7146,B,North Goa,Pernem,Morgim,HOTN007830,White Wharf Beach Resort,high,97,6.614709844115209,0.737535466155793,3,1.0,2,2,0.6666666666666666,0.8117,1.0,0.8117,Priority
2108,B,South Goa,Salcete,Betelbatim,HOTS000133,Nanu Beach Resort & Spa,high,92,6.539158811108032,0.7291115794456189,3,1.0,2,2,0.6666666666666666,0.8083,1.0,0.8083,Priority
8618,A,South Goa,Salcete,Colva,HOTS001835,91,low,91,6.523561956057013,0.7273725411458738,3,1.0,2,2,0.6666666666666666,0.8076,1.0,0.8076,Priority
8436,C,North Goa,Tiswadi,Bambolim,HOTN012475,Sinq Village,high,88,6.475733430966398,0.7220396944482014,3,1.0,2,2,0.6666666666666666,0.8055,1.0,0.8055,Priority
4440,A,North Goa,Pernem,Mandrem,HOTN000415,80,low,80,6.339850002884625,0.7068887883865701,3,1.0,2,2,0.6666666666666666,0.7994,1.0,0.7994,Priority
6654,A,North Goa,Tiswadi,Panaji,HOTN003240,Vivanta Goa Miramar,high,77,6.285402218862249,0.7008178990026889,3,1.0,2,2,0.6666666666666666,0.797,1.0,0.797,Priority
8517,A,South Goa,Salcete,Varca,HOTS001631,Elements By Rosetta,high,74,6.22881869049588,0.6945088756359941,3,1.0,2,2,0.6666666666666666,0.7945,1.0,0.7945,Priority
151,B,South Goa,Salcete,Colva,HOTS000356,"Colva Beach, Colva, Salcete, South Goa- 403708",high,73,6.209453365628951,0.6923496556188536,3,1.0,2,2,0.6666666666666666,0.7936,1.0,0.7936,Priority
8630,B,South Goa,Salcete,Colva,HOTS000132,Star Beach Resort,high,72,6.189824558880018,0.6901610575583452,3,1.0,2,2,0.6666666666666666,0.7927,1.0,0.7927,Priority
8740,B,South Goa,Salcete,Varca,HOTS000500,Goa La Vida,high,71,6.169925001442312,0.6879422709876585,3,1.0,2,2,0.6666666666666666,0.7918,1.0,0.7918,Priority
8552,B,South Goa,Salcete,Margao,HOTS000592,Margao Residency,high,71,6.169925001442312,0.6879422709876585,3,1.0,2,2,0.6666666666666666,0.7918,1.0,0.7918,Priority
7962,A,North Goa,Tiswadi,Malar,HOTN003038,70,low,70,6.149747119504682,0.6856924514322102,3,1.0,2,2,0.6666666666666666,0.7909,1.0,0.7909,Priority
1042,B,South Goa,Salcete,Betelbatim,HOTS000102,Beleza By The Beach,high,70,6.149747119504682,0.6856924514322102,3,1.0,2,2,0.6666666666666666,0.7909,1.0,0.7909,Priority
987,B,South Goa,Salcete,Utorda,HOTS000082,69,low,69,6.129283016944967,0.6834107184799679,3,1.0,2,2,0.6666666666666666,0.79,1.0,0.79,Priority
9030,B,South Goa,Salcete,Margao,HOTS000748,Hotel Laxmi Empire,high,68,6.10852445677817,0.681096153712934,3,1.0,2,2,0.6666666666666666,0.7891,1.0,0.7891,Priority
8221,B,North Goa,Pernem,Dhargalim,HOTN003303,Amoravida,high,66,6.066089190457772,0.6763646515511417,3,1.0,2,2,0.6666666666666666,0.7872,1.0,0.7872,Priority
131,A,North Goa,Tiswadi,Panaji,HOTN000587,Mandovi Hotels Pvt Ltd,high,65,6.044394119358453,0.6739456664779333,3,1.0,2,2,0.6666666666666666,0.7862,1.0,0.7862,Priority
4501,B,North Goa,Tiswadi,Panaji,HOTN000622,62,low,62,5.977279923499917,0.6664624811387859,3,1.0,2,2,0.6666666666666666,0.7833,1.0,0.7833,Priority
1229,B,North Goa,Pernem,Arambol,HOTN001943,Nanu Resort- Arambol,high,62,5.977279923499917,0.6664624811387859,3,1.0,2,2,0.6666666666666666,0.7833,1.0,0.7833,Priority
1087,A,South Goa,Salcete,Colva,HOTS000516,Acacia Palms Resort,high,60,5.930737337562887,0.6612730157466338,3,1.0,2,2,0.6666666666666666,0.7812,1.0,0.7812,Priority
8642,A,South Goa,Salcete,Betelbatim,HOTS000412,Villagio Inn,high,60,5.930737337562887,0.6612730157466338,3,1.0,2,2,0.6666666666666666,0.7812,1.0,0.7812,Priority
1025,C,South Goa,Salcete,Margao,HOTS000778,Hotel Raj Resort,high,60,5.930737337562887,0.6612730157466338,3,1.0,2,2,0.6666666666666666,0.7812,1.0,0.7812,Priority
4156,C,North Goa,Tiswadi,Panaji,HOTN001219,Mayfair Hotel,high,59,5.906890595608519,0.6586141208959007,3,1.0,2,2,0.6666666666666666,0.7801,1.0,0.7801,Priority
8610,B,South Goa,Salcete,Benaulim,HOTS000532,Orchid Passaros,high,58,5.882643049361842,0.6559105366502384,3,1.0,2,2,0.6666666666666666,0.779,1.0,0.779,Priority
5322,B,North Goa,Pernem,Arambol,HOTN007223,Nazri Hotel,high,56,5.832890014164742,0.6503631084377366,3,1.0,2,2,0.6666666666666666,0.7768,1.0,0.7768,Priority
2107,B,South Goa,Salcete,Margao,HOTS000072,Nanutel Margao,high,55,5.807354922057605,0.6475159637398745,3,1.0,2,2,0.6666666666666666,0.7757,1.0,0.7757,Priority
7695,B,North Goa,Tiswadi,Panaji,HOTN001144,Grande Delmon,high,55,5.807354922057605,0.6475159637398745,3,1.0,2,2,0.6666666666666666,0.7757,1.0,0.7757,Priority
9416,B,South Goa,Salcete,Margao,HOTS000774,Hotel Cosmique,high,55,5.807354922057605,0.6475159637398745,3,1.0,2,2,0.6666666666666666,0.7757,1.0,0.7757,Priority
1097,B,South Goa,Salcete,Betelbatim,HOTS000698,Jasminn Hotel,high,55,5.807354922057605,0.6475159637398745,3,1.0,2,2,0.6666666666666666,0.7757,1.0,0.7757,Priority
4523,B,North Goa,Tiswadi,Panaji,HOTN000393,Hotel Palacio De Goa,high,55,5.807354922057605,0.6475159637398745,3,1.0,2,2,0.6666666666666666,0.7757,1.0,0.7757,Priority
2243,B,South Goa,Salcete,Colva,HOTS000266,Hotel Colva Kinara,high,54,5.78135971352466,0.6446175163861755,3,1.0,2,2,0.6666666666666666,0.7745,1.0,0.7745,Priority
8541,B,South Goa,Salcete,Margao,HOTS000548,Hotel Greenview,high,54,5.78135971352466,0.6446175163861755,3,1.0,2,2,0.6666666666666666,0.7745,1.0,0.7745,Priority
8487,B,South Goa,Salcete,Margao,HOTS000040,Goa Woodlands Hotel,high,54,5.78135971352466,0.6446175163861755,3,1.0,2,2,0.6666666666666666,0.7745,1.0,0.7745,Priority
6786,A,North Goa,Tiswadi,Taleigao,HOTN000526,Chances Resort And Casino,high,53,5.754887502163469,0.6416658835547188,3,1.0,2,2,0.6666666666666666,0.7733,1.0,0.7733,Priority
6000,B,South Goa,Salcete,Colva,HOTS000638,Longuinhos Beach Resort,high,53,5.754887502163469,0.6416658835547188,3,1.0,2,2,0.6666666666666666,0.7733,1.0,0.7733,Priority
3939,A,South Goa,Salcete,Betelbatim,HOTS000139,Sea Queen Beach Resort,high,53,5.754887502163469,0.6416658835547188,3,1.0,2,2,0.6666666666666666,0.7733,1.0,0.7733,Priority
2165,C,South Goa,Salcete,Margao,HOTS000743,Hotel Grace Majestic,high,53,5.754887502163469,0.6416658835547188,3,1.0,2,2,0.6666666666666666,0.7733,1.0,0.7733,Priority
9355,B,South Goa,Salcete,Betelbatim,HOTS002418,Masaka Suites,high,52,5.7279204545632,0.6386590768328178,3,1.0,2,2,0.6666666666666666,0.7721,1.0,0.7721,Priority
634,A,North Goa,Tiswadi,Panaji,HOTN000969,The Crown Goa,high,52,5.7279204545632,0.6386590768328178,3,1.0,2,2,0.6666666666666666,0.7721,1.0,0.7721,Priority
9147,B,South Goa,Salcete,Carmona,HOTS002135,Azalea By Stone Wood,high,52,5.7279204545632,0.6386590768328178,3,1.0,2,2,0.6666666666666666,0.7721,1.0,0.7721,Priority
4525,B,North Goa,Pernem,Arambol,HOTN003898,Lotus Sutra,high,52,5.7279204545632,0.6386590768328178,3,1.0,2,2,0.6666666666666666,0.7721,1.0,0.7721,Priority
975,C,South Goa,Salcete,Margao,HOTS000768,Hotel City Pride,high,51,5.700439718141093,0.6355949941708375,3,1.0,2,2,0.6666666666666666,0.7709,1.0,0.7709,Priority
7243,C,North Goa,Bardez,Nagoa,HOTN003084,Citadines Arpora Nagoa Goa,high,50,5.672425341971496,0.632471411054688,2,0.6666666666666666,1,3,1.0,0.7363,1.0,0.7363,Priority
4611,C,North Goa,Bardez,Calangute,HOTN007343,50,low,50,5.672425341971496,0.632471411054688,2,0.6666666666666666,1,3,1.0,0.7363,1.0,0.7363,Priority
1597,C,North Goa,Bardez,Calangute,HOTN002521,The Ocean Park Resort,high,50,5.672425341971496,0.632471411054688,2,0.6666666666666666,1,3,1.0,0.7363,1.0,0.7363,Priority
543,B,North Goa,Bardez,Calangute,HOTN002100,The Avenue Calangute,high,50,5.672425341971496,0.632471411054688,2,0.6666666666666666,1,3,1.0,0.7363,1.0,0.7363,Priority
138,B,North Goa,Bardez,Calangute,HOTN002099,The Avenue Calangute,high,50,5.672425341971496,0.632471411054688,2,0.6666666666666666,1,3,1.0,0.7363,1.0,0.7363,Priority
3365,B,North Goa,Bardez,Calangute,HOTN003590,W S Beach Resort And Spa,high,50,5.672425341971496,0.632471411054688,2,0.6666666666666666,1,3,1.0,0.7363,1.0,0.7363,Priority
843,B,North Goa,Bardez,Arpora,HOTN001692,Resort Lagoa Azul,high,50,5.672425341971496,0.632471411054688,2,0.6666666666666666,1,3,1.0,0.7363,1.0,0.7363,Priority
7628,A,North Goa,Bardez,Candolim,HOTN000245,Dealturas Resort,high,50,5.672425341971496,0.632471411054688,2,0.6666666666666666,1,3,1.0,0.7363,1.0,0.7363,Priority
6953,A,North Goa,Bardez,Calangute,HOTN000582,La Calypso,high,50,5.672425341971496,0.632471411054688,2,0.6666666666666666,1,3,1.0,0.7363,1.0,0.7363,Priority
7834,C,North Goa,Bardez,Arpora,HOTN006376,River Deck Baga,high,50,5.672425341971496,0.632471411054688,2,0.6666666666666666,1,3,1.0,0.7363,1.0,0.7363,Priority
7904,B,North Goa,Bardez,Arpora,HOTN000577,Abalone Resorts Pvt Ltd,high,50,5.672425341971496,0.632471411054688,2,0.6666666666666666,1,3,1.0,0.7363,1.0,0.7363,Priority
4583,B,North Goa,Bardez,Calangute,HOTN002457,Resort De Balneaire,high,50,5.672425341971496,0.632471411054688,2,0.6666666666666666,1,3,1.0,0.7363,1.0,0.7363,Priority
7180,B,North Goa,Bardez,Anjuna,HOTN006507,49,low,49,5.643856189774724,0.6292859708041427,2,0.6666666666666666,1,3,1.0,0.735,1.0,0.735,Priority
7047,B,North Goa,Bardez,Arpora,HOTN001491,Aromiaa Villas,high,49,5.643856189774724,0.6292859708041427,2,0.6666666666666666,1,3,1.0,0.735,1.0,0.735,Priority
4945,B,North Goa,Bardez,Calangute,HOTN001201,Casa De Goa Boutique Resort,high,49,5.643856189774724,0.6292859708041427,2,0.6666666666666666,1,3,1.0,0.735,1.0,0.735,Priority
2026,B,North Goa,Bardez,Calangute,HOTN001738,Azzure By Spree Hotels Goa,high,49,5.643856189774724,0.6292859708041427,2,0.6666666666666666,1,3,1.0,0.735,1.0,0.735,Priority
3516,B,North Goa,Bardez,Calangute,HOTN002359,Bloom Room,high,48,5.614709844115208,0.6260361738910017,2,0.6666666666666666,1,3,1.0,0.7337,1.0,0.7337,Priority
6562,B,North Goa,Bardez,Candolim,HOTN001230,Hotel Citrus Prime,high,48,5.614709844115208,0.6260361738910017,2,0.6666666666666666,1,3,1.0,0.7337,1.0,0.7337,Priority
4720,B,North Goa,Bardez,Mapusa,HOTN001526,Mapusa Residency,high,48,5.614709844115208,0.6260361738910017,2,0.6666666666666666,1,3,1.0,0.7337,1.0,0.7337,Priority
5355,B,North Goa,Bardez,Socorro,HOTN000529,Angels Holiday Resort,high,48,5.614709844115208,0.6260361738910017,2,0.6666666666666666,1,3,1.0,0.7337,1.0,0.7337,Priority
1416,C,North Goa,Bardez,Calangute,HOTN000307,Empire Beach Resort,high,47,5.584962500721157,0.6227193661558074,2,0.6666666666666666,1,3,1.0,0.7324,1.0,0.7324,Priority
6808,C,North Goa,Bardez,Pilerne,HOTN012399,"Batulem Marra, Pilerne, Bardez, North Goa-",high,47,5.584962500721157,0.6227193661558074,2,0.6666666666666666,1,3,1.0,0.7324,1.0,0.7324,Priority
4271,B,North Goa,Bardez,Candolim,HOTN001681,Evoke Lifestyle,high,46,5.554588851677638,0.6193327257839557,2,0.6666666666666666,1,3,1.0,0.7311,1.0,0.7311,Priority
750,B,North Goa,Bardez,Arpora,HOTN000512,Rio Residancy,high,46,5.554588851677638,0.6193327257839557,2,0.6666666666666666,1,3,1.0,0.7311,1.0,0.7311,Priority
1364,B,North Goa,Bardez,Anjuna,HOTN003507,Country Club De Goa,high,46,5.554588851677638,0.6193327257839557,2,0.6666666666666666,1,3,1.0,0.7311,1.0,0.7311,Priority
8090,C,North Goa,Bardez,Candolim,HOTN004661,Evoke Express,high,46,5.554588851677638,0.6193327257839557,2,0.6666666666666666,1,3,1.0,0.7311,1.0,0.7311,Priority
1197,B,North Goa,Bardez,Nagoa,HOTN002321,Regenta Central North Goa,high,46,5.554588851677638,0.6193327257839557,2,0.6666666666666666,1,3,1.0,0.7311,1.0,0.7311,Priority
4762,C,North Goa,Bardez,Anjuna,HOTN003510,"Chivar Anjuna Vagator, Anjuna, Bardez, North",high,46,5.554588851677638,0.6193327257839557,2,0.6666666666666666,1,3,1.0,0.7311,1.0,0.7311,Priority
9455,B,North Goa,Bardez,Calangute,HOTN001385,Sea Breeze Village,high,46,5.554588851677638,0.6193327257839557,2,0.6666666666666666,1,3,1.0,0.7311,1.0,0.7311,Priority
2813,C,North Goa,Bardez,Calangute,HOTN004318,Hotel Centro,high,45,5.523561956057013,0.6158732488810825,2,0.6666666666666666,1,3,1.0,0.7297,1.0,0.7297,Priority
2611,B,North Goa,Bardez,Mapusa,HOTN006810,Hotel Mayura,high,45,5.523561956057013,0.6158732488810825,2,0.6666666666666666,1,3,1.0,0.7297,1.0,0.7297,Priority
5281,A,North Goa,Bardez,Calangute,HOTN000639,Neelams The Glitz,high,45,5.523561956057013,0.6158732488810825,2,0.6666666666666666,1,3,1.0,0.7297,1.0,0.7297,Priority
483,C,North Goa,Bardez,Candolim,HOTN000569,Sea Shell Villas,high,45,5.523561956057013,0.6158732488810825,2,0.6666666666666666,1,3,1.0,0.7297,1.0,0.7297,Priority
8894,B,South Goa,Canacona,Canacona,HOTS001960,Gateway Goa-Palolem,high,98,6.6293566200796095,0.7391685713097846,3,1.0,3,1,0.3333333333333333,0.729,1.0,0.729,Priority
9429,C,South Goa,Mormugao,Velsao,HOTS001119,98,low,98,6.6293566200796095,0.7391685713097846,3,1.0,3,1,0.3333333333333333,0.729,1.0,0.729,Priority
9454,B,North Goa,Bardez,Calangute,HOTN001383,Sea Breeze Beach,high,44,5.491853096329675,0.6123377334629608,2,0.6666666666666666,1,3,1.0,0.7283,1.0,0.7283,Priority
2514,B,North Goa,Bardez,Calangute,HOTN001589,The Kings Court,high,44,5.491853096329675,0.6123377334629608,2,0.6666666666666666,1,3,1.0,0.7283,1.0,0.7283,Priority
1960,C,North Goa,Bardez,Calangute,HOTN002130,Rivasa Emerald,high,44,5.491853096329675,0.6123377334629608,2,0.6666666666666666,1,3,1.0,0.7283,1.0,0.7283,Priority
5146,C,North Goa,Bardez,Anjuna,HOTN006546,Holitel,high,44,5.491853096329675,0.6123377334629608,2,0.6666666666666666,1,3,1.0,0.7283,1.0,0.7283,Priority
8557,A,South Goa,Mormugao,Cansaulim,HOTS000129,Heritage Village Club,high,97,6.614709844115209,0.737535466155793,3,1.0,3,1,0.3333333333333333,0.7283,1.0,0.7283,Priority
5241,B,North Goa,Bardez,Arpora,HOTN000538,44,low,44,5.491853096329675,0.6123377334629608,2,0.6666666666666666,1,3,1.0,0.7283,1.0,0.7283,Priority
5244,C,North Goa,Bardez,Anjuna,HOTN006722,Grand Continent,high,44,5.491853096329675,0.6123377334629608,2,0.6666666666666666,1,3,1.0,0.7283,1.0,0.7283,Priority
5382,B,North Goa,Bardez,Anjuna,HOTN000740,Spazio Leisure Resort,high,44,5.491853096329675,0.6123377334629608,2,0.6666666666666666,1,3,1.0,0.7283,1.0,0.7283,Priority
6832,B,North Goa,Bardez,Anjuna,HOTN002412,Regent Laguna,high,44,5.491853096329675,0.6123377334629608,2,0.6666666666666666,1,3,1.0,0.7283,1.0,0.7283,Priority
6560,B,North Goa,Bardez,Candolim,HOTN002731,Unit Of Coastel Sunview Hotels,high,43,5.459431618637297,0.608722761646082,2,0.6666666666666666,1,3,1.0,0.7268,1.0,0.7268,Priority
480,B,North Goa,Bardez,Candolim,HOTN002132,Seashell Suites & Villas,high,43,5.459431618637297,0.608722761646082,2,0.6666666666666666,1,3,1.0,0.7268,1.0,0.7268,Priority
1261,A,North Goa,Bardez,Socorro,HOTN003343,Ira By Orchid Hotel,high,43,5.459431618637297,0.608722761646082,2,0.6666666666666666,1,3,1.0,0.7268,1.0,0.7268,Priority
2579,C,North Goa,Bardez,Calangute,HOTN003897,Resort Village Royale,high,42,5.426264754702098,0.6050246797906647,2,0.6666666666666666,1,3,1.0,0.7253,1.0,0.7253,Priority
4513,C,North Goa,Bardez,Penha-De-France,HOTN007155,Sn Blue Hotel,high,42,5.426264754702098,0.6050246797906647,2,0.6666666666666666,1,3,1.0,0.7253,1.0,0.7253,Priority
2791,C,North Goa,Bardez,Calangute,HOTN003487,Hotel Artistry Suits,high,42,5.426264754702098,0.6050246797906647,2,0.6666666666666666,1,3,1.0,0.7253,1.0,0.7253,Priority
6546,C,North Goa,Bardez,Calangute,HOTN000838,Alidia Beach Cottages,high,42,5.426264754702098,0.6050246797906647,2,0.6666666666666666,1,3,1.0,0.7253,1.0,0.7253,Priority
7953,C,North Goa,Bardez,Sangolda,HOTN001355,Sunrise Service Appartment,high,42,5.426264754702098,0.6050246797906647,2,0.6666666666666666,1,3,1.0,0.7253,1.0,0.7253,Priority
4216,C,North Goa,Bardez,Saligao,HOTN006491,Vilmaris Villa,high,42,5.426264754702098,0.6050246797906647,2,0.6666666666666666,1,3,1.0,0.7253,1.0,0.7253,Priority
6801,B,North Goa,Bardez,Pilerne,HOTN000657,Hotel Orion,high,42,5.426264754702098,0.6050246797906647,2,0.6666666666666666,1,3,1.0,0.7253,1.0,0.7253,Priority
4606,A,North Goa,Bardez,Candolim,HOTN003492,41,low,41,5.392317422778761,0.6012395763069346,2,0.6666666666666666,1,3,1.0,0.7238,1.0,0.7238,Priority
1148,C,North Goa,Bardez,Calangute,HOTN002580,Sia Signature,high,41,5.392317422778761,0.6012395763069346,2,0.6666666666666666,1,3,1.0,0.7238,1.0,0.7238,Priority
1860,B,North Goa,Bardez,Calangute,HOTN002069,41,low,41,5.392317422778761,0.6012395763069346,2,0.6666666666666666,1,3,1.0,0.7238,1.0,0.7238,Priority
2305,C,North Goa,Bardez,Calangute,HOTN002799,Lemonmint Svelton Manor,high,40,5.357552004618084,0.5973632567867296,2,0.6666666666666666,1,3,1.0,0.7223,1.0,0.7223,Priority
6400,B,North Goa,Bardez,Calangute,HOTN001414,Delta Residency,high,40,5.357552004618084,0.5973632567867296,2,0.6666666666666666,1,3,1.0,0.7223,1.0,0.7223,Priority
2577,C,North Goa,Bardez,Calangute,HOTN004113,Peninsula Beach Resort,high,40,5.357552004618084,0.5973632567867296,2,0.6666666666666666,1,3,1.0,0.7223,1.0,0.7223,Priority
7028,C,North Goa,Bardez,Candolim,HOTN012345,Seven Mataluxe,high,40,5.357552004618084,0.5973632567867296,2,0.6666666666666666,1,3,1.0,0.7223,1.0,0.7223,Priority
4847,C,North Goa,Bardez,Sangolda,HOTN004112,40,low,40,5.357552004618084,0.5973632567867296,2,0.6666666666666666,1,3,1.0,0.7223,1.0,0.7223,Priority
1200,C,North Goa,Bardez,Calangute,HOTN002147,Krish Retreat,high,40,5.357552004618084,0.5973632567867296,2,0.6666666666666666,1,3,1.0,0.7223,1.0,0.7223,Priority
2633,C,North Goa,Bardez,Pilerne,HOTN005552,Walom Grand Resort,high,40,5.357552004618084,0.5973632567867296,2,0.6666666666666666,1,3,1.0,0.7223,1.0,0.7223,Priority
1204,B,North Goa,Bardez,Reis-Magos,HOTN001704,Noah Ark,high,40,5.357552004618084,0.5973632567867296,2,0.6666666666666666,1,3,1.0,0.7223,1.0,0.7223,Priority
410,C,North Goa,Bardez,Parra,HOTN002231,Zone Connect,high,40,5.357552004618084,0.5973632567867296,2,0.6666666666666666,1,3,1.0,0.7223,1.0,0.7223,Priority
7900,B,North Goa,Bardez,Candolim,HOTN002478,Sinq Prive,high,40,5.357552004618084,0.5973632567867296,2,0.6666666666666666,1,3,1.0,0.7223,1.0,0.7223,Priority
292,C,North Goa,Bardez,Calangute,HOTN002798,Lemonmint Svelton Manor,high,40,5.357552004618084,0.5973632567867296,2,0.6666666666666666,1,3,1.0,0.7223,1.0,0.7223,Priority
1111,C,North Goa,Bardez,Mapusa,HOTN000470,Sirsat Lodge,high,40,5.357552004618084,0.5973632567867296,2,0.6666666666666666,1,3,1.0,0.7223,1.0,0.7223,Priority
2586,B,North Goa,Bardez,Calangute,HOTN003934,Rahi Coral Beach Resort,high,39,5.321928094887363,0.5933912160640494,2,0.6666666666666666,1,3,1.0,0.7207,1.0,0.7207,Priority
4246,C,North Goa,Bardez,Calangute,HOTN005549,Amara By The Sea,high,39,5.321928094887363,0.5933912160640494,2,0.6666666666666666,1,3,1.0,0.7207,1.0,0.7207,Priority
6608,C,North Goa,Bardez,Pilerne,HOTN005687,Hue Guh The Porto Candolim,high,39,5.321928094887363,0.5933912160640494,2,0.6666666666666666,1,3,1.0,0.7207,1.0,0.7207,Priority
421,B,North Goa,Bardez,Arpora,HOTN000555,La Sunila Suite Apartment,high,38,5.285402218862249,0.5893186067378977,2,0.6666666666666666,1,3,1.0,0.7191,1.0,0.7191,Priority
1718,C,North Goa,Bardez,Calangute,HOTN003298,Hotel Golden Sands,high,38,5.285402218862249,0.5893186067378977,2,0.6666666666666666,1,3,1.0,0.7191,1.0,0.7191,Priority
1362,C,North Goa,Bardez,Calangute,HOTN003525,Carol In Beach Resort Pvt Ltd,high,38,5.285402218862249,0.5893186067378977,2,0.6666666666666666,1,3,1.0,0.7191,1.0,0.7191,Priority
7274,B,North Goa,Bardez,Arpora,HOTN000706,Acron Waterfront Resort,high,38,5.285402218862249,0.5893186067378977,2,0.6666666666666666,1,3,1.0,0.7191,1.0,0.7191,Priority
2321,C,North Goa,Bardez,Reis-Magos,HOTN005153,Aqualira,high,38,5.285402218862249,0.5893186067378977,2,0.6666666666666666,1,3,1.0,0.7191,1.0,0.7191,Priority
291,C,North Goa,Bardez,Calangute,HOTN002784,Krish Holiday Inn,high,38,5.285402218862249,0.5893186067378977,2,0.6666666666666666,1,3,1.0,0.7191,1.0,0.7191,Priority
4582,C,North Goa,Bardez,Calangute,HOTN002785,Krish Baga,high,38,5.285402218862249,0.5893186067378977,2,0.6666666666666666,1,3,1.0,0.7191,1.0,0.7191,Priority
553,B,North Goa,Bardez,Anjuna,HOTN002450,3102bce,high,37,5.247927513443585,0.5851402036058851,2,0.6666666666666666,1,3,1.0,0.7174,1.0,0.7174,Priority
1436,C,North Goa,Bardez,Calangute,HOTN001318,Sea View Beach Resort,high,37,5.247927513443585,0.5851402036058851,2,0.6666666666666666,1,3,1.0,0.7174,1.0,0.7174,Priority
6578,C,North Goa,Bardez,Candolim,HOTN006398,The Tanisi Hotels And Resorts,high,37,5.247927513443585,0.5851402036058851,2,0.6666666666666666,1,3,1.0,0.7174,1.0,0.7174,Priority
8339,B,North Goa,Bardez,Candolim,HOTN000713,37,low,37,5.247927513443585,0.5851402036058851,2,0.6666666666666666,1,3,1.0,0.7174,1.0,0.7174,Priority
8668,B,South Goa,Mormugao,Cortalim,HOTS000236,81,low,81,6.357552004618085,0.7088625490515209,3,1.0,3,1,0.3333333333333333,0.7169,1.0,0.7169,Priority
4247,C,North Goa,Bardez,Calangute,HOTN001629,The Grand Inn,high,36,5.20945336562895,0.5808503633540624,2,0.6666666666666666,1,3,1.0,0.7157,1.0,0.7157,Priority
4870,C,North Goa,Bardez,Candolim,HOTN006647,Hotel Reemz Perola Do Mar,high,36,5.20945336562895,0.5808503633540624,2,0.6666666666666666,1,3,1.0,0.7157,1.0,0.7157,Priority
55,C,North Goa,Bardez,Calangute,HOT0000063,Hotel Villa Bomfim,high,36,5.20945336562895,0.5808503633540624,2,0.6666666666666666,1,3,1.0,0.7157,1.0,0.7157,Priority
2597,C,North Goa,Bardez,Calangute,HOTN004978,Krish Retreat,high,36,5.20945336562895,0.5808503633540624,2,0.6666666666666666,1,3,1.0,0.7157,1.0,0.7157,Priority
218,B,North Goa,Bardez,Calangute,HOTN000727,Hotel Dona Terezinha Pvt Ltd,high,35,5.169925001442312,0.5764429787228673,2,0.6666666666666666,1,3,1.0,0.7139,1.0,0.7139,Priority
282,B,North Goa,Bardez,Calangute,HOTN002648,Hotel Sharanam Green Goa,high,35,5.169925001442312,0.5764429787228673,2,0.6666666666666666,1,3,1.0,0.7139,1.0,0.7139,Priority
9443,C,North Goa,Bardez,Anjuna,HOTN007370,Azara Resort,high,35,5.169925001442312,0.5764429787228673,2,0.6666666666666666,1,3,1.0,0.7139,1.0,0.7139,Priority
2578,C,North Goa,Bardez,Calangute,HOTN003804,Resort Park Avenue,high,35,5.169925001442312,0.5764429787228673,2,0.6666666666666666,1,3,1.0,0.7139,1.0,0.7139,Priority
6635,B,North Goa,Bardez,Calangute,HOTN002649,Hotel Sharanam Green Goa,high,35,5.169925001442312,0.5764429787228673,2,0.6666666666666666,1,3,1.0,0.7139,1.0,0.7139,Priority
8718,B,South Goa,Ponda,Ponda,HOTS000077,76,low,76,6.266786540694902,0.6987422640620006,3,1.0,3,1,0.3333333333333333,0.7128,1.0,0.7128,Priority
1644,A,North Goa,Bardez,Candolim,HOTN000614,Lemontree Hotel Candolim,high,34,5.129283016944966,0.5719114262151767,2,0.6666666666666666,1,3,1.0,0.7121,1.0,0.7121,Priority
1207,B,North Goa,Bardez,Mapusa,HOTN000797,Hotel Satya Heera,high,34,5.129283016944966,0.5719114262151767,2,0.6666666666666666,1,3,1.0,0.7121,1.0,0.7121,Priority
3392,C,North Goa,Bardez,Calangute,HOTN005673,Kristal Sand Beach Resort,high,34,5.129283016944966,0.5719114262151767,2,0.6666666666666666,1,3,1.0,0.7121,1.0,0.7121,Priority
2725,C,North Goa,Bardez,Calangute,HOTN004272,"H.No-6/44 A Baga, Calangute, Bardez, North Goa",low,34,5.129283016944966,0.5719114262151767,2,0.6666666666666666,1,3,1.0,0.7121,1.0,0.7121,Priority
9163,A,South Goa,Mormugao,Mormugao,HOTS000090,"Hotel La Paz Gardens Pvt. Ltd. Vasco Da Gama, Mormugao, Mormugao, South Goa",high,74,6.22881869049588,0.6945088756359941,3,1.0,3,1,0.3333333333333333,0.7111,1.0,0.7111,Priority
469,C,North Goa,Bardez,Calangute,HOTN000313,Chalston Hotels Pvt Ltd,high,33,5.08746284125034,0.5672485062228366,2,0.6666666666666666,1,3,1.0,0.7102,1.0,0.7102,Priority
4840,C,North Goa,Bardez,Anjuna,HOTN003051,Rosetum Brand,high,33,5.08746284125034,0.5672485062228366,2,0.6666666666666666,1,3,1.0,0.7102,1.0,0.7102,Priority
2450,D,North Goa,Bardez,Calangute,HOTN002927,Santa Monica Resort,high,33,5.08746284125034,0.5672485062228366,2,0.6666666666666666,1,3,1.0,0.7102,1.0,0.7102,Priority
4662,B,North Goa,Bardez,Arpora,HOTN000317,Bloom Boutique Baga,high,33,5.08746284125034,0.5672485062228366,2,0.6666666666666666,1,3,1.0,0.7102,1.0,0.7102,Priority
2171,B,South Goa,Dharbandora,Collem,HOTS000302,Jungle Village,high,72,6.189824558880018,0.6901610575583452,3,1.0,3,1,0.3333333333333333,0.7094,1.0,0.7094,Priority
8157,C,North Goa,Bardez,Anjuna,HOTN005430,Maior Roma,high,32,5.044394119358453,0.5624463742131421,2,0.6666666666666666,1,3,1.0,0.7083,1.0,0.7083,Priority
856,B,North Goa,Bardez,Candolim,HOTN002289,Yu Hotel,high,32,5.044394119358453,0.5624463742131421,2,0.6666666666666666,1,3,1.0,0.7083,1.0,0.7083,Priority
6678,C,North Goa,Bardez,Candolim,HOTN007722,32,low,32,5.044394119358453,0.5624463742131421,2,0.6666666666666666,1,3,1.0,0.7083,1.0,0.7083,Priority
2326,C,North Goa,Bardez,Pilerne,HOTN004079,Wayfarer,high,32,5.044394119358453,0.5624463742131421,2,0.6666666666666666,1,3,1.0,0.7083,1.0,0.7083,Priority
7818,B,North Goa,Bardez,Candolim,HOTN000867,32,low,32,5.044394119358453,0.5624463742131421,2,0.6666666666666666,1,3,1.0,0.7083,1.0,0.7083,Priority
236,C,North Goa,Bardez,Calangute,HOTN001612,Calangute Residency Annexe,high,32,5.044394119358453,0.5624463742131421,2,0.6666666666666666,1,3,1.0,0.7083,1.0,0.7083,Priority
3418,C,North Goa,Bardez,Anjuna,HOTN002127,Casa Ahaaha,high,32,5.044394119358453,0.5624463742131421,2,0.6666666666666666,1,3,1.0,0.7083,1.0,0.7083,Priority
2739,C,North Goa,Bardez,Candolim,HOTN004974,Shalom Indus Residency,high,32,5.044394119358453,0.5624463742131421,2,0.6666666666666666,1,3,1.0,0.7083,1.0,0.7083,Priority
1369,C,North Goa,Bardez,Calangute,HOTN003152,31,low,31,5.0,0.5574964613239559,2,0.6666666666666666,1,3,1.0,0.7063,1.0,0.7063,Priority
6769,B,North Goa,Bardez,Mapusa,HOTN001247,31,low,31,5.0,0.5574964613239559,2,0.6666666666666666,1,3,1.0,0.7063,1.0,0.7063,Priority
4384,C,North Goa,Bardez,Calangute,HOTN003888,Renest Hotels And Resorts,high,30,4.954196310386876,0.5523893823489764,2,0.6666666666666666,1,3,1.0,0.7043,1.0,0.7043,Priority
6876,C,North Goa,Bardez,Nerul,HOTN008314,The Moon Hotel,high,30,4.954196310386876,0.5523893823489764,2,0.6666666666666666,1,3,1.0,0.7043,1.0,0.7043,Priority
4147,C,North Goa,Bardez,Calangute,HOTN001386,Villa Fatima Beach Resorts,high,30,4.954196310386876,0.5523893823489764,2,0.6666666666666666,1,3,1.0,0.7043,1.0,0.7043,Priority
765,C,North Goa,Bardez,Anjuna,HOTN001513,Orritel Village Square,high,30,4.954196310386876,0.5523893823489764,2,0.6666666666666666,1,3,1.0,0.7043,1.0,0.7043,Priority
1785,C,North Goa,Bardez,Anjuna,HOTN002971,Blu Resorts,high,30,4.954196310386876,0.5523893823489764,2,0.6666666666666666,1,3,1.0,0.7043,1.0,0.7043,Priority
1454,B,North Goa,Bardez,Anjuna,HOTN001400,Leoney Resort,high,30,4.954196310386876,0.5523893823489764,2,0.6666666666666666,1,3,1.0,0.7043,1.0,0.7043,Priority
2559,C,North Goa,Bardez,Anjuna,HOTN004213,Golden Tulip Vagator,high,30,4.954196310386876,0.5523893823489764,2,0.6666666666666666,1,3,1.0,0.7043,1.0,0.7043,Priority
1771,B,North Goa,Bardez,Calangute,HOTN000833,Alor Holiday Resort,high,30,4.954196310386876,0.5523893823489764,2,0.6666666666666666,1,3,1.0,0.7043,1.0,0.7043,Priority
7469,C,North Goa,Bardez,Anjuna,HOTN003446,M/S Casa Vagator,high,30,4.954196310386876,0.5523893823489764,2,0.6666666666666666,1,3,1.0,0.7043,1.0,0.7043,Priority
479,C,North Goa,Bardez,Candolim,HOTN002295,Silver Sands Sunshine,high,30,4.954196310386876,0.5523893823489764,2,0.6666666666666666,1,3,1.0,0.7043,1.0,0.7043,Priority
4869,C,North Goa,Bardez,Anjuna,HOTN002352,Hotel Reemz,high,30,4.954196310386876,0.5523893823489764,2,0.6666666666666666,1,3,1.0,0.7043,1.0,0.7043,Priority
1173,C,North Goa,Bardez,Calangute,HOTN001345,Hotel Riverside,high,30,4.954196310386876,0.5523893823489764,2,0.6666666666666666,1,3,1.0,0.7043,1.0,0.7043,Priority
841,C,North Goa,Bardez,Anjuna,HOTN000417,Poonam Guest House,high,30,4.954196310386876,0.5523893823489764,2,0.6666666666666666,1,3,1.0,0.7043,1.0,0.7043,Priority
7728,C,North Goa,Bardez,Calangute,HOTN003486,"Arpora, Calangute, Bardez, North Goa- 403516",high,30,4.954196310386876,0.5523893823489764,2,0.6666666666666666,1,3,1.0,0.7043,1.0,0.7043,Priority
432,C,North Goa,Bardez,Calangute,HOTN000153,Hotel Sea Shore,high,30,4.954196310386876,0.5523893823489764,2,0.6666666666666666,1,3,1.0,0.7043,1.0,0.7043,Priority
844,B,North Goa,Bardez,Anjuna,HOTN000143,The Grand Leoney Resort,high,30,4.954196310386876,0.5523893823489764,2,0.6666666666666666,1,3,1.0,0.7043,1.0,0.7043,Priority
881,B,North Goa,Bardez,Calangute,HOTN000873,The Park Calangute Goa,high,30,4.954196310386876,0.5523893823489764,2,0.6666666666666666,1,3,1.0,0.7043,1.0,0.7043,Priority
217,B,North Goa,Bardez,Candolim,HOTN000794,Dona Alcina Resorts,high,30,4.954196310386876,0.5523893823489764,2,0.6666666666666666,1,3,1.0,0.7043,1.0,0.7043,Priority
2427,D,North Goa,Bardez,Calangute,HOTN004829,Sea Sapphire,high,30,4.954196310386876,0.5523893823489764,2,0.6666666666666666,1,3,1.0,0.7043,1.0,0.7043,Priority
5217,C,North Goa,Bardez,Anjuna,HOTN002543,De Amour Hotel,high,30,4.954196310386876,0.5523893823489764,2,0.6666666666666666,1,3,1.0,0.7043,1.0,0.7043,Priority
7472,B,North Goa,Bardez,Calangute,HOTN000409,The Horizon,high,29,4.906890595608519,0.5471148286311095,2,0.6666666666666666,1,3,1.0,0.7022,1.0,0.7022,Priority
5917,B,North Goa,Bardez,Anjuna,HOTN001451,Bell Bottoms Hotels Pvt Ltd.,high,29,4.906890595608519,0.5471148286311095,2,0.6666666666666666,1,3,1.0,0.7022,1.0,0.7022,Priority
7357,C,North Goa,Bardez,Sangolda,HOTN005816,Aveeno Villas,high,29,4.906890595608519,0.5471148286311095,2,0.6666666666666666,1,3,1.0,0.7022,1.0,0.7022,Priority
8223,B,North Goa,Bardez,Calangute,HOTN003005,La Baga Beach Hotel,high,29,4.906890595608519,0.5471148286311095,2,0.6666666666666666,1,3,1.0,0.7022,1.0,0.7022,Priority
9438,C,North Goa,Bardez,Reis-Magos,HOTN002365,Casa De Patio,high,28,4.857980995127573,0.5416614427925304,2,0.6666666666666666,1,3,1.0,0.7,1.0,0.7,Priority
1469,C,North Goa,Bardez,Calangute,HOTN001346,Ancora Beach Resort,high,28,4.857980995127573,0.5416614427925304,2,0.6666666666666666,1,3,1.0,0.7,1.0,0.7,Priority
7057,C,North Goa,Bardez,Calangute,HOTN001416,Hotel Plazaa Inn,high,28,4.857980995127573,0.5416614427925304,2,0.6666666666666666,1,3,1.0,0.7,1.0,0.7,Priority
1627,B,North Goa,Bardez,Arpora,HOTN001832,The Park Baga River Goa,high,28,4.857980995127573,0.5416614427925304,2,0.6666666666666666,1,3,1.0,0.7,1.0,0.7,Priority
5246,C,North Goa,Bardez,Anjuna,HOTN006221,Cloud 7,high,28,4.857980995127573,0.5416614427925304,2,0.6666666666666666,1,3,1.0,0.7,1.0,0.7,Priority
7050,B,North Goa,Bardez,Penha-De-France,HOTN000318,The Postcard on the Mandovi,high,28,4.857980995127573,0.5416614427925304,2,0.6666666666666666,1,3,1.0,0.7,1.0,0.7,Priority
602,B,North Goa,Bardez,Candolim,HOTN001048,Sunset Beach Resort,high,28,4.857980995127573,0.5416614427925304,2,0.6666666666666666,1,3,1.0,0.7,1.0,0.7,Priority
7978,C,North Goa,Bardez,Calangute,HOTN005405,Aaristo Resort,high,28,4.857980995127573,0.5416614427925304,2,0.6666666666666666,1,3,1.0,0.7,1.0,0.7,Priority
7253,C,North Goa,Bardez,Calangute,HOTN008098,Casa Pelegrina,high,28,4.857980995127573,0.5416614427925304,2,0.6666666666666666,1,3,1.0,0.7,1.0,0.7,Priority
2255,A,South Goa,Mormugao,Velsao,HOTS000378,The Queeny,high,60,5.930737337562887,0.6612730157466338,3,1.0,3,1,0.3333333333333333,0.6978,1.0,0.6978,Priority
6611,C,North Goa,Bardez,Assagao,HOTN007721,The Passport Hotel,high,27,4.807354922057604,0.5360166714750833,2,0.6666666666666666,1,3,1.0,0.6977,1.0,0.6977,Priority
5817,C,North Goa,Bardez,Arpora,HOTN007547,Amazonika,high,27,4.807354922057604,0.5360166714750833,2,0.6666666666666666,1,3,1.0,0.6977,1.0,0.6977,Priority
8446,C,North Goa,Bardez,Anjuna,HOTN005800,The Mayfield,high,27,4.807354922057604,0.5360166714750833,2,0.6666666666666666,1,3,1.0,0.6977,1.0,0.6977,Priority
4137,C,North Goa,Bardez,Calangute,HOTN000087,Pirache Art Hotel,high,27,4.807354922057604,0.5360166714750833,2,0.6666666666666666,1,3,1.0,0.6977,1.0,0.6977,Priority
5321,C,North Goa,Bardez,Siolim,HOTN005858,Nandini Holidays Pvt Ltd,high,27,4.807354922057604,0.5360166714750833,2,0.6666666666666666,1,3,1.0,0.6977,1.0,0.6977,Priority
1695,C,North Goa,Bardez,Mapusa,HOTN001315,Hotel Suhas,high,27,4.807354922057604,0.5360166714750833,2,0.6666666666666666,1,3,1.0,0.6977,1.0,0.6977,Priority
3776,C,North Goa,Bardez,Assagao,HOTN000857,Purple Valley Yoga Centre,high,27,4.807354922057604,0.5360166714750833,2,0.6666666666666666,1,3,1.0,0.6977,1.0,0.6977,Priority
1775,C,North Goa,Bardez,Calangute,HOTN000897,Cavala The Seaside Resorts,high,26,4.754887502163469,0.5301665912899276,2,0.6666666666666666,1,3,1.0,0.6954,1.0,0.6954,Priority
746,C,North Goa,Bardez,Calangute,HOTN000858,Falcon Beach Resort,high,26,4.754887502163469,0.5301665912899276,2,0.6666666666666666,1,3,1.0,0.6954,1.0,0.6954,Priority
4467,C,North Goa,Bardez,Candolim,HOTN005904,La Estadia Suites,high,26,4.754887502163469,0.5301665912899276,2,0.6666666666666666,1,3,1.0,0.6954,1.0,0.6954,Priority
8261,C,North Goa,Bardez,Anjuna,HOTN006914,26,low,26,4.754887502163469,0.5301665912899276,2,0.6666666666666666,1,3,1.0,0.6954,1.0,0.6954,Priority
4598,C,North Goa,Bardez,Calangute,HOTN004852,Surf House Habbana,high,26,4.754887502163469,0.5301665912899276,2,0.6666666666666666,1,3,1.0,0.6954,1.0,0.6954,Priority
1282,C,North Goa,Bardez,Candolim,HOTN000520,Casa Blanca Beach Resorts,high,25,4.700439718141093,0.5240957019060464,2,0.6666666666666666,1,3,1.0,0.693,1.0,0.693,Priority
584,B,North Goa,Bardez,Calangute,HOTN001864,Andores Resort & Spa,high,25,4.700439718141093,0.5240957019060464,2,0.6666666666666666,1,3,1.0,0.693,1.0,0.693,Priority
2588,C,North Goa,Bardez,Calangute,HOTN003859,Hotel Lua Nova,high,25,4.700439718141093,0.5240957019060464,2,0.6666666666666666,1,3,1.0,0.693,1.0,0.693,Priority
1496,C,North Goa,Bardez,Calangute,HOTN002098,Bellagio Rezidencia,high,25,4.700439718141093,0.5240957019060464,2,0.6666666666666666,1,3,1.0,0.693,1.0,0.693,Priority
4774,B,North Goa,Bardez,Calangute,HOTN002501,Nitya Resort,high,25,4.700439718141093,0.5240957019060464,2,0.6666666666666666,1,3,1.0,0.693,1.0,0.693,Priority
922,C,North Goa,Bardez,Anjuna,HOTN001911,Ramatan Resort,high,25,4.700439718141093,0.5240957019060464,2,0.6666666666666666,1,3,1.0,0.693,1.0,0.693,Priority
5552,C,North Goa,Bardez,Anjuna,HOTN005706,M/S Parole Hotels Pvt Ltd,high,25,4.700439718141093,0.5240957019060464,2,0.6666666666666666,1,3,1.0,0.693,1.0,0.693,Priority
2261,C,North Goa,Bardez,Calangute,HOTN000749,Calangute Grande,high,25,4.700439718141093,0.5240957019060464,2,0.6666666666666666,1,3,1.0,0.693,1.0,0.693,Priority
7963,B,North Goa,Bardez,Guirim,HOTN000537,Green Park,high,25,4.700439718141093,0.5240957019060464,2,0.6666666666666666,1,3,1.0,0.693,1.0,0.693,Priority
8715,A,South Goa,Mormugao,Mormugao,HOTS000405,Hotel Supreme,high,55,5.807354922057605,0.6475159637398745,3,1.0,3,1,0.3333333333333333,0.6923,1.0,0.6923,Priority
5009,C,North Goa,Bardez,Calangute,HOTN002928,Baga Retreat,high,24,4.643856189774724,0.5177866785393516,2,0.6666666666666666,1,3,1.0,0.6904,1.0,0.6904,Priority
5169,C,North Goa,Bardez,Anjuna,HOTN005272,M/S Casa Anjuna,high,24,4.643856189774724,0.5177866785393516,2,0.6666666666666666,1,3,1.0,0.6904,1.0,0.6904,Priority
4342,C,North Goa,Bardez,Candolim,HOTN002107,Acron Seaway Resort,high,24,4.643856189774724,0.5177866785393516,2,0.6666666666666666,1,3,1.0,0.6904,1.0,0.6904,Priority
1218,C,North Goa,Bardez,Pilerne,HOTN002297,Amber Rooms,high,24,4.643856189774724,0.5177866785393516,2,0.6666666666666666,1,3,1.0,0.6904,1.0,0.6904,Priority
5056,C,North Goa,Bardez,Saligao,HOTN006028,Richmonde Ananta Elite,high,24,4.643856189774724,0.5177866785393516,2,0.6666666666666666,1,3,1.0,0.6904,1.0,0.6904,Priority
7471,C,North Goa,Bardez,Calangute,HOTN005049,M/S Casa Baga,high,24,4.643856189774724,0.5177866785393516,2,0.6666666666666666,1,3,1.0,0.6904,1.0,0.6904,Priority
5260,C,North Goa,Bardez,Calangute,HOTN002767,Hotel Supreme Grande,high,24,4.643856189774724,0.5177866785393516,2,0.6666666666666666,1,3,1.0,0.6904,1.0,0.6904,Priority
620,C,North Goa,Bardez,Calangute,HOTN000918,Angelina Beach Guest House,high,24,4.643856189774724,0.5177866785393516,2,0.6666666666666666,1,3,1.0,0.6904,1.0,0.6904,Priority
5008,C,North Goa,Bardez,Calangute,HOTN002929,24,low,24,4.643856189774724,0.5177866785393516,2,0.6666666666666666,1,3,1.0,0.6904,1.0,0.6904,Priority
6793,C,North Goa,Bardez,Calangute,HOTN008232,Nandini Guest House,high,24,4.643856189774724,0.5177866785393516,2,0.6666666666666666,1,3,1.0,0.6904,1.0,0.6904,Priority
4472,C,North Goa,Bardez,Candolim,HOTN005509,Sun Royal Resort,high,24,4.643856189774724,0.5177866785393516,2,0.6666666666666666,1,3,1.0,0.6904,1.0,0.6904,Priority
6881,C,North Goa,Bardez,Calangute,HOTN012342,24,low,24,4.643856189774724,0.5177866785393516,2,0.6666666666666666,1,3,1.0,0.6904,1.0,0.6904,Priority
644,C,North Goa,Bardez,Calangute,HOTN002867,Sai Datta Hotels,high,24,4.643856189774724,0.5177866785393516,2,0.6666666666666666,1,3,1.0,0.6904,1.0,0.6904,Priority
609,C,North Goa,Bardez,Calangute,HOTN001335,Shelsta Holiday Resort,high,24,4.643856189774724,0.5177866785393516,2,0.6666666666666666,1,3,1.0,0.6904,1.0,0.6904,Priority
1244,C,North Goa,Bardez,Candolim,HOTN002274,Donhill Beach Resort,high,24,4.643856189774724,0.5177866785393516,2,0.6666666666666666,1,3,1.0,0.6904,1.0,0.6904,Priority
4808,C,North Goa,Bardez,Mapusa,HOTN003437,Hotel Priti International,high,24,4.643856189774724,0.5177866785393516,2,0.6666666666666666,1,3,1.0,0.6904,1.0,0.6904,Priority
6636,B,North Goa,Bardez,Candolim,HOTN001332,Le Seasons Resort,high,24,4.643856189774724,0.5177866785393516,2,0.6666666666666666,1,3,1.0,0.6904,1.0,0.6904,Priority
5238,C,North Goa,Bardez,Penha-De-France,HOTN005594,Hotel Golden Empire,high,24,4.643856189774724,0.5177866785393516,2,0.6666666666666666,1,3,1.0,0.6904,1.0,0.6904,Priority
565,C,North Goa,Bardez,Calangute,HOTN000764,Dimar Beach Hotel,high,24,4.643856189774724,0.5177866785393516,2,0.6666666666666666,1,3,1.0,0.6904,1.0,0.6904,Priority
8327,B,North Goa,Bardez,Anjuna,HOTN002733,Laguna Anjuna,high,24,4.643856189774724,0.5177866785393516,2,0.6666666666666666,1,3,1.0,0.6904,1.0,0.6904,Priority
929,C,North Goa,Bardez,Calangute,HOTN001032,Ronil Royale,high,24,4.643856189774724,0.5177866785393516,2,0.6666666666666666,1,3,1.0,0.6904,1.0,0.6904,Priority
3462,C,North Goa,Bardez,Calangute,HOTN005006,Tranquil Inn,high,24,4.643856189774724,0.5177866785393516,2,0.6666666666666666,1,3,1.0,0.6904,1.0,0.6904,Priority
3735,B,North Goa,Bardez,Candolim,HOTN000310,Goveia Holiday Homes,high,24,4.643856189774724,0.5177866785393516,2,0.6666666666666666,1,3,1.0,0.6904,1.0,0.6904,Priority
406,C,North Goa,Bardez,Candolim,HOTN001695,Candolim Grande,high,24,4.643856189774724,0.5177866785393516,2,0.6666666666666666,1,3,1.0,0.6904,1.0,0.6904,Priority
2661,B,North Goa,Bardez,Calangute,HOTN001421,Sunkissed Plaza,high,24,4.643856189774724,0.5177866785393516,2,0.6666666666666666,1,3,1.0,0.6904,1.0,0.6904,Priority
416,C,North Goa,Bardez,Pilerne,HOTN000525,Le Magnifique,high,24,4.643856189774724,0.5177866785393516,2,0.6666666666666666,1,3,1.0,0.6904,1.0,0.6904,Priority
277,B,North Goa,Bardez,Calangute,HOTN002632,Kris Resort,high,24,4.643856189774724,0.5177866785393516,2,0.6666666666666666,1,3,1.0,0.6904,1.0,0.6904,Priority
4856,C,North Goa,Bardez,Anjuna,HOTN005740,Moyrah By Green Park,high,24,4.643856189774724,0.5177866785393516,2,0.6666666666666666,1,3,1.0,0.6904,1.0,0.6904,Priority
2461,C,North Goa,Bardez,Candolim,HOT0000077,Dmellos Seaview Home,high,24,4.643856189774724,0.5177866785393516,2,0.6666666666666666,1,3,1.0,0.6904,1.0,0.6904,Priority
4765,C,North Goa,Bardez,Calangute,HOTN001671,Sunrise Guest House,high,24,4.643856189774724,0.5177866785393516,2,0.6666666666666666,1,3,1.0,0.6904,1.0,0.6904,Priority
457,C,North Goa,Bardez,Calangute,HOTN001600,De Alcazar,high,24,4.643856189774724,0.5177866785393516,2,0.6666666666666666,1,3,1.0,0.6904,1.0,0.6904,Priority
7313,C,North Goa,Bardez,Oxel,HOTN007053,Oryza By Jaglax Homes,high,24,4.643856189774724,0.5177866785393516,2,0.6666666666666666,1,3,1.0,0.6904,1.0,0.6904,Priority
4131,C,North Goa,Bardez,Calangute,HOTN001593,Tangerine Resorts,high,24,4.643856189774724,0.5177866785393516,2,0.6666666666666666,1,3,1.0,0.6904,1.0,0.6904,Priority
526,B,North Goa,Bardez,Calangute,HOTN000187,Lambana Resorts,high,24,4.643856189774724,0.5177866785393516,2,0.6666666666666666,1,3,1.0,0.6904,1.0,0.6904,Priority
9451,B,North Goa,Bardez,Calangute,HOTN001384,Hotel Sea Breeze Inn,high,24,4.643856189774724,0.5177866785393516,2,0.6666666666666666,1,3,1.0,0.6904,1.0,0.6904,Priority
4556,C,North Goa,Bardez,Calangute,HOTN005517,Maggie'S Resorts,high,24,4.643856189774724,0.5177866785393516,2,0.6666666666666666,1,3,1.0,0.6904,1.0,0.6904,Priority
502,C,North Goa,Bardez,Calangute,HOTN002601,24,low,24,4.643856189774724,0.5177866785393516,2,0.6666666666666666,1,3,1.0,0.6904,1.0,0.6904,Priority
1472,C,North Goa,Bardez,Anjuna,HOT0000058,Goveia Resort,high,24,4.643856189774724,0.5177866785393516,2,0.6666666666666666,1,3,1.0,0.6904,1.0,0.6904,Priority
1763,C,North Goa,Bardez,Anjuna,HOTN001070,Anjuna Beach Resort,high,24,4.643856189774724,0.5177866785393516,2,0.6666666666666666,1,3,1.0,0.6904,1.0,0.6904,Priority
481,C,North Goa,Bardez,Candolim,HOTN000532,24,low,24,4.643856189774724,0.5177866785393516,2,0.6666666666666666,1,3,1.0,0.6904,1.0,0.6904,Priority
1542,B,North Goa,Bardez,Calangute,HOTN002633,Kris Resort,high,24,4.643856189774724,0.5177866785393516,2,0.6666666666666666,1,3,1.0,0.6904,1.0,0.6904,Priority
1856,C,North Goa,Bardez,Anjuna,HOTN000757,Cochichos Resort,high,24,4.643856189774724,0.5177866785393516,2,0.6666666666666666,1,3,1.0,0.6904,1.0,0.6904,Priority
459,C,North Goa,Bardez,Candolim,HOTN002428,Q 23 Resort And Suites,high,24,4.643856189774724,0.5177866785393516,2,0.6666666666666666,1,3,1.0,0.6904,1.0,0.6904,Priority
1604,C,North Goa,Bardez,Calangute,HOTN002492,Castle House,high,24,4.643856189774724,0.5177866785393516,2,0.6666666666666666,1,3,1.0,0.6904,1.0,0.6904,Priority
1541,C,North Goa,Bardez,Calangute,HOTN003387,Divan Clarks Inn,high,24,4.643856189774724,0.5177866785393516,2,0.6666666666666666,1,3,1.0,0.6904,1.0,0.6904,Priority
1606,C,North Goa,Bardez,Calangute,HOTN002336,The Mint Goa,high,24,4.643856189774724,0.5177866785393516,2,0.6666666666666666,1,3,1.0,0.6904,1.0,0.6904,Priority
435,C,North Goa,Bardez,Calangute,HOTN001045,Planet Goa Beach Resort,high,24,4.643856189774724,0.5177866785393516,2,0.6666666666666666,1,3,1.0,0.6904,1.0,0.6904,Priority
429,C,North Goa,Bardez,Calangute,HOTN000189,R B R Guest House,high,24,4.643856189774724,0.5177866785393516,2,0.6666666666666666,1,3,1.0,0.6904,1.0,0.6904,Priority
7943,C,North Goa,Bardez,Candolim,HOTN000603,Marina Bay Beach Resort,high,24,4.643856189774724,0.5177866785393516,2,0.6666666666666666,1,3,1.0,0.6904,1.0,0.6904,Priority
1722,C,North Goa,Bardez,Calangute,HOTN001872,Larios Beach Holiday'S,high,24,4.643856189774724,0.5177866785393516,2,0.6666666666666666,1,3,1.0,0.6904,1.0,0.6904,Priority
943,C,North Goa,Bardez,Anjuna,HOTN002459,Amani Vagator,high,24,4.643856189774724,0.5177866785393516,2,0.6666666666666666,1,3,1.0,0.6904,1.0,0.6904,Priority
4245,C,North Goa,Bardez,Calangute,HOTN002045,Hacienda Hotels,high,24,4.643856189774724,0.5177866785393516,2,0.6666666666666666,1,3,1.0,0.6904,1.0,0.6904,Priority
549,C,North Goa,Bardez,Candolim,HOTN002813,Valentines Retreat,high,24,4.643856189774724,0.5177866785393516,2,0.6666666666666666,1,3,1.0,0.6904,1.0,0.6904,Priority
714,C,North Goa,Bardez,Nagoa,HOTN002294,Shrikrishna Studios,high,24,4.643856189774724,0.5177866785393516,2,0.6666666666666666,1,3,1.0,0.6904,1.0,0.6904,Priority
4565,B,North Goa,Bardez,Calangute,HOTN000250,Hotel Linda Goa,high,24,4.643856189774724,0.5177866785393516,2,0.6666666666666666,1,3,1.0,0.6904,1.0,0.6904,Priority
2272,C,North Goa,Bardez,Calangute,HOTN000881,Nakita Resort,high,24,4.643856189774724,0.5177866785393516,2,0.6666666666666666,1,3,1.0,0.6904,1.0,0.6904,Priority
892,B,North Goa,Bardez,Calangute,HOTN001594,Ondas Do Mar,high,24,4.643856189774724,0.5177866785393516,2,0.6666666666666666,1,3,1.0,0.6904,1.0,0.6904,Priority
2934,C,North Goa,Bardez,Calangute,HOTN004993,Hotel Karishma Grand,high,24,4.643856189774724,0.5177866785393516,2,0.6666666666666666,1,3,1.0,0.6904,1.0,0.6904,Priority
9002,A,South Goa,Mormugao,Mormugao,HOTS000229,The Hq,high,52,5.7279204545632,0.6386590768328178,3,1.0,3,1,0.3333333333333333,0.6888,1.0,0.6888,Priority
6812,C,North Goa,Bardez,Calangute,HOTN008235,Anandi Guest House,high,23,4.584962500721157,0.5112200738910161,2,0.6666666666666666,1,3,1.0,0.6878,1.0,0.6878,Priority
1554,B,North Goa,Bardez,Candolim,HOTN000180,Silver Sands Hideaway,high,23,4.584962500721157,0.5112200738910161,2,0.6666666666666666,1,3,1.0,0.6878,1.0,0.6878,Priority
9482,C,North Goa,Bardez,Anjuna,HOTN001801,Ivy Anjuna,high,23,4.584962500721157,0.5112200738910161,2,0.6666666666666666,1,3,1.0,0.6878,1.0,0.6878,Priority
2448,D,North Goa,Bardez,Calangute,HOTN003484,Casa Goana Holiday Inn,high,23,4.584962500721157,0.5112200738910161,2,0.6666666666666666,1,3,1.0,0.6878,1.0,0.6878,Priority
2786,C,North Goa,Bardez,Anjuna,HOTN003089,Retreat Anjuna Resort,high,23,4.584962500721157,0.5112200738910161,2,0.6666666666666666,1,3,1.0,0.6878,1.0,0.6878,Priority
1958,D,North Goa,Bardez,Calangute,HOTN002088,Niwasa Holiday Home,high,23,4.584962500721157,0.5112200738910161,2,0.6666666666666666,1,3,1.0,0.6878,1.0,0.6878,Priority
5069,C,North Goa,Bardez,Calangute,HOTN000670,Joia Do Mar Yash Resorts,high,23,4.584962500721157,0.5112200738910161,2,0.6666666666666666,1,3,1.0,0.6878,1.0,0.6878,Priority
437,C,North Goa,Bardez,Calangute,HOTN003073,Beach Front Resort,high,23,4.584962500721157,0.5112200738910161,2,0.6666666666666666,1,3,1.0,0.6878,1.0,0.6878,Priority
343,C,North Goa,Bardez,Siolim,HOTN003030,The River Palace,high,23,4.584962500721157,0.5112200738910161,2,0.6666666666666666,1,3,1.0,0.6878,1.0,0.6878,Priority
6690,B,North Goa,Bardez,Anjuna,HOTN000521,Sere Resorts Goa,high,23,4.584962500721157,0.5112200738910161,2,0.6666666666666666,1,3,1.0,0.6878,1.0,0.6878,Priority
4832,C,North Goa,Bardez,Assagao,HOTN001813,Alfreds Jewel,high,23,4.584962500721157,0.5112200738910161,2,0.6666666666666666,1,3,1.0,0.6878,1.0,0.6878,Priority
681,C,North Goa,Bardez,Calangute,HOTN002831,Hotel M.R.,high,23,4.584962500721157,0.5112200738910161,2,0.6666666666666666,1,3,1.0,0.6878,1.0,0.6878,Priority
1603,C,North Goa,Bardez,Anjuna,HOTN002781,Viva Anjuna,high,23,4.584962500721157,0.5112200738910161,2,0.6666666666666666,1,3,1.0,0.6878,1.0,0.6878,Priority
301,C,North Goa,Bardez,Calangute,HOTN002832,Hotel M.R.,high,23,4.584962500721157,0.5112200738910161,2,0.6666666666666666,1,3,1.0,0.6878,1.0,0.6878,Priority
4817,C,North Goa,Bardez,Anjuna,HOTN002542,De Lagom Comforts,high,23,4.584962500721157,0.5112200738910161,2,0.6666666666666666,1,3,1.0,0.6878,1.0,0.6878,Priority
4932,C,North Goa,Bardez,Calangute,HOTN006289,South Gate Calangute Hotel,high,23,4.584962500721157,0.5112200738910161,2,0.6666666666666666,1,3,1.0,0.6878,1.0,0.6878,Priority
8244,C,North Goa,Bardez,Socorro,HOTN007669,Hotel Casabela,high,23,4.584962500721157,0.5112200738910161,2,0.6666666666666666,1,3,1.0,0.6878,1.0,0.6878,Priority
1434,C,North Goa,Bardez,Calangute,HOTN003050,Hotel Mira,high,23,4.584962500721157,0.5112200738910161,2,0.6666666666666666,1,3,1.0,0.6878,1.0,0.6878,Priority
2283,B,North Goa,Bardez,Reis-Magos,HOTN001869,Rio Boutique,high,23,4.584962500721157,0.5112200738910161,2,0.6666666666666666,1,3,1.0,0.6878,1.0,0.6878,Priority
1646,C,North Goa,Bardez,Candolim,HOTN002930,Summerville Beach Resort,high,23,4.584962500721157,0.5112200738910161,2,0.6666666666666666,1,3,1.0,0.6878,1.0,0.6878,Priority
303,C,North Goa,Bardez,Calangute,HOTN003072,Beach Front Resort,high,23,4.584962500721157,0.5112200738910161,2,0.6666666666666666,1,3,1.0,0.6878,1.0,0.6878,Priority
7306,C,North Goa,Bardez,Candolim,HOTN002241,De Falcon Goa Beach Resort,high,23,4.584962500721157,0.5112200738910161,2,0.6666666666666666,1,3,1.0,0.6878,1.0,0.6878,Priority
7465,C,North Goa,Bardez,Arpora,HOTN002926,Alvorada Resort,high,23,4.584962500721157,0.5112200738910161,2,0.6666666666666666,1,3,1.0,0.6878,1.0,0.6878,Priority
4807,C,North Goa,Bardez,Anjuna,HOTN003386,The Porto By De Lagom,high,23,4.584962500721157,0.5112200738910161,2,0.6666666666666666,1,3,1.0,0.6878,1.0,0.6878,Priority
894,B,North Goa,Bardez,Anjuna,HOTN000106,Hacienda De Goa Resort,high,22,4.523561956057013,0.5043739566162914,2,0.6666666666666666,1,3,1.0,0.6851,1.0,0.6851,Priority
4910,C,North Goa,Bardez,Calangute,HOTN004862,Hideout Premiere,high,22,4.523561956057013,0.5043739566162914,2,0.6666666666666666,1,3,1.0,0.6851,1.0,0.6851,Priority
75,C,North Goa,Bardez,Oxel,HOTN001737,Fortune Casa,high,22,4.523561956057013,0.5043739566162914,2,0.6666666666666666,1,3,1.0,0.6851,1.0,0.6851,Priority
4315,C,North Goa,Bardez,Mapusa,HOTN001906,Motel La Grandeur,high,22,4.523561956057013,0.5043739566162914,2,0.6666666666666666,1,3,1.0,0.6851,1.0,0.6851,Priority
8211,C,North Goa,Bardez,Anjuna,HOTN004745,Stops Hospitality Pvt Ltd,high,22,4.523561956057013,0.5043739566162914,2,0.6666666666666666,1,3,1.0,0.6851,1.0,0.6851,Priority
3332,C,North Goa,Bardez,Candolim,HOTN001694,Silver Palm Resort,high,22,4.523561956057013,0.5043739566162914,2,0.6666666666666666,1,3,1.0,0.6851,1.0,0.6851,Priority
4272,C,North Goa,Bardez,Candolim,HOTN004320,Evoke Premium,high,22,4.523561956057013,0.5043739566162914,2,0.6666666666666666,1,3,1.0,0.6851,1.0,0.6851,Priority
3421,C,North Goa,Bardez,Calangute,HOTN003453,Sia Signature,high,22,4.523561956057013,0.5043739566162914,2,0.6666666666666666,1,3,1.0,0.6851,1.0,0.6851,Priority
4981,C,North Goa,Bardez,Anjuna,HOTN003960,Kia Inn,high,22,4.523561956057013,0.5043739566162914,2,0.6666666666666666,1,3,1.0,0.6851,1.0,0.6851,Priority
1187,C,North Goa,Bardez,Calangute,HOTN000674,Zac Beach Resort,high,22,4.523561956057013,0.5043739566162914,2,0.6666666666666666,1,3,1.0,0.6851,1.0,0.6851,Priority
1183,C,North Goa,Bardez,Anjuna,HOTN001817,Sonnet & Spa,high,22,4.523561956057013,0.5043739566162914,2,0.6666666666666666,1,3,1.0,0.6851,1.0,0.6851,Priority
4909,C,North Goa,Bardez,Calangute,HOTN004858,Baga Hideout,high,22,4.523561956057013,0.5043739566162914,2,0.6666666666666666,1,3,1.0,0.6851,1.0,0.6851,Priority
3169,B,North Goa,Bardez,Calangute,HOTN004064,M/S Sunshine Beach Resort,high,22,4.523561956057013,0.5043739566162914,2,0.6666666666666666,1,3,1.0,0.6851,1.0,0.6851,Priority
161,C,North Goa,Bardez,Anjuna,HOTN002139,The Tamarind Hotel,high,22,4.523561956057013,0.5043739566162914,2,0.6666666666666666,1,3,1.0,0.6851,1.0,0.6851,Priority
9442,C,North Goa,Bardez,Calangute,HOTN012430,Shivam Resorts,high,22,4.523561956057013,0.5043739566162914,2,0.6666666666666666,1,3,1.0,0.6851,1.0,0.6851,Priority
6894,C,North Goa,Bardez,Calangute,HOTN008309,Casa Portuguesa,high,22,4.523561956057013,0.5043739566162914,2,0.6666666666666666,1,3,1.0,0.6851,1.0,0.6851,Priority
832,C,North Goa,Bardez,Candolim,HOTN000227,Per Avel Beach Holiday Home,high,22,4.523561956057013,0.5043739566162914,2,0.6666666666666666,1,3,1.0,0.6851,1.0,0.6851,Priority
6895,C,North Goa,Bardez,Calangute,HOTN008313,A Trazeira,high,22,4.523561956057013,0.5043739566162914,2,0.6666666666666666,1,3,1.0,0.6851,1.0,0.6851,Priority
259,C,North Goa,Bardez,Siolim,HOTN002582,H Key Hospitality,high,22,4.523561956057013,0.5043739566162914,2,0.6666666666666666,1,3,1.0,0.6851,1.0,0.6851,Priority
1452,C,North Goa,Bardez,Calangute,HOTN002387,Royale Exotica,high,22,4.523561956057013,0.5043739566162914,2,0.6666666666666666,1,3,1.0,0.6851,1.0,0.6851,Priority
893,B,North Goa,Bardez,Calangute,HOTN000606,The Baga Beach Resorts,high,22,4.523561956057013,0.5043739566162914,2,0.6666666666666666,1,3,1.0,0.6851,1.0,0.6851,Priority
1918,C,North Goa,Bardez,Candolim,HOTN001774,22,low,22,4.523561956057013,0.5043739566162914,2,0.6666666666666666,1,3,1.0,0.6851,1.0,0.6851,Priority
534,C,North Goa,Bardez,Anjuna,HOTN002140,The Tamarind Hotel,high,22,4.523561956057013,0.5043739566162914,2,0.6666666666666666,1,3,1.0,0.6851,1.0,0.6851,Priority
903,C,North Goa,Bardez,Candolim,HOTN002818,Zip By Spree Hotels Hyde,high,22,4.523561956057013,0.5043739566162914,2,0.6666666666666666,1,3,1.0,0.6851,1.0,0.6851,Priority
3447,C,North Goa,Bardez,Candolim,HOTN002753,Grande Ave Maria Resort,high,22,4.523561956057013,0.5043739566162914,2,0.6666666666666666,1,3,1.0,0.6851,1.0,0.6851,Priority
268,C,North Goa,Bardez,Siolim,HOTN000423,La Casa Siolim,high,22,4.523561956057013,0.5043739566162914,2,0.6666666666666666,1,3,1.0,0.6851,1.0,0.6851,Priority
1388,C,North Goa,Bardez,Calangute,HOTN001068,Golden Suites And Spa,high,22,4.523561956057013,0.5043739566162914,2,0.6666666666666666,1,3,1.0,0.6851,1.0,0.6851,Priority
9489,C,North Goa,Bardez,Anjuna,HOTN002354,Granpa'S Inn,high,22,4.523561956057013,0.5043739566162914,2,0.6666666666666666,1,3,1.0,0.6851,1.0,0.6851,Priority
3528,C,North Goa,Bardez,Calangute,HOTN002129,Rivasa Comfort,high,22,4.523561956057013,0.5043739566162914,2,0.6666666666666666,1,3,1.0,0.6851,1.0,0.6851,Priority
2738,C,North Goa,Bardez,Candolim,HOTN004971,Sunflower Blossom Beach,high,22,4.523561956057013,0.5043739566162914,2,0.6666666666666666,1,3,1.0,0.6851,1.0,0.6851,Priority
3109,C,North Goa,Bardez,Candolim,HOTN005574,Golden Rice,high,22,4.523561956057013,0.5043739566162914,2,0.6666666666666666,1,3,1.0,0.6851,1.0,0.6851,Priority
4992,C,North Goa,Bardez,Calangute,HOTN006030,The White Wings,high,21,4.459431618637297,0.4972234693812908,2,0.6666666666666666,1,3,1.0,0.6822,1.0,0.6822,Watch
1657,C,North Goa,Bardez,Candolim,HOTN003278,Plaz In Candolim,high,21,4.459431618637297,0.4972234693812908,2,0.6666666666666666,1,3,1.0,0.6822,1.0,0.6822,Watch
4896,C,North Goa,Bardez,Candolim,HOTN002489,Amigos Properties,high,21,4.459431618637297,0.4972234693812908,2,0.6666666666666666,1,3,1.0,0.6822,1.0,0.6822,Watch
3433,D,North Goa,Bardez,Calangute,HOTN005838,sun in sea beach resort,high,21,4.459431618637297,0.4972234693812908,2,0.6666666666666666,1,3,1.0,0.6822,1.0,0.6822,Watch
6846,C,North Goa,Bardez,Siolim,HOTN001963,Villa De Orange,high,21,4.459431618637297,0.4972234693812908,2,0.6666666666666666,1,3,1.0,0.6822,1.0,0.6822,Watch
8279,B,North Goa,Bardez,Nerul,HOTN001927,Sol De Goa,high,21,4.459431618637297,0.4972234693812908,2,0.6666666666666666,1,3,1.0,0.6822,1.0,0.6822,Watch
775,C,North Goa,Bardez,Calangute,HOT0000072,Hotel Celi,high,21,4.459431618637297,0.4972234693812908,2,0.6666666666666666,1,3,1.0,0.6822,1.0,0.6822,Watch
1614,C,North Goa,Bardez,Calangute,HOTN001585,Angelo'S Inn,high,21,4.459431618637297,0.4972234693812908,2,0.6666666666666666,1,3,1.0,0.6822,1.0,0.6822,Watch
6598,C,North Goa,Bardez,Calangute,HOTN002300,Treebo Trend Dona Eliza,high,21,4.459431618637297,0.4972234693812908,2,0.6666666666666666,1,3,1.0,0.6822,1.0,0.6822,Watch
476,C,North Goa,Bardez,Calangute,HOTN002324,Baga High Q,high,21,4.459431618637297,0.4972234693812908,2,0.6666666666666666,1,3,1.0,0.6822,1.0,0.6822,Watch
618,C,North Goa,Bardez,Mapusa,HOTN000693,Lodge Jankishankar,high,21,4.459431618637297,0.4972234693812908,2,0.6666666666666666,1,3,1.0,0.6822,1.0,0.6822,Watch
1721,C,North Goa,Bardez,Anjuna,HOTN001402,Anjuna Blue,high,21,4.459431618637297,0.4972234693812908,2,0.6666666666666666,1,3,1.0,0.6822,1.0,0.6822,Watch
4578,C,North Goa,Bardez,Calangute,HOTN005748,Sun In Sea Beach Resort,high,21,4.459431618637297,0.4972234693812908,2,0.6666666666666666,1,3,1.0,0.6822,1.0,0.6822,Watch
5383,C,North Goa,Bardez,Siolim,HOTN004827,"D Mandrekar, Porta Vaddo, House No. 674/5",high,21,4.459431618637297,0.4972234693812908,2,0.6666666666666666,1,3,1.0,0.6822,1.0,0.6822,Watch
504,C,North Goa,Bardez,Calangute,HOTN001568,Ashish Resort,high,21,4.459431618637297,0.4972234693812908,2,0.6666666666666666,1,3,1.0,0.6822,1.0,0.6822,Watch
829,C,North Goa,Bardez,Nerul,HOTN001630,Sai Swastik Hotel,high,21,4.459431618637297,0.4972234693812908,2,0.6666666666666666,1,3,1.0,0.6822,1.0,0.6822,Watch
8347,B,North Goa,Bardez,Calangute,HOTN000320,Baia Do Sol,high,21,4.459431618637297,0.4972234693812908,2,0.6666666666666666,1,3,1.0,0.6822,1.0,0.6822,Watch
1605,C,North Goa,Bardez,Penha-De-France,HOTN002364,Golden Plateau,high,21,4.459431618637297,0.4972234693812908,2,0.6666666666666666,1,3,1.0,0.6822,1.0,0.6822,Watch
1828,C,North Goa,Bardez,Candolim,HOTN002498,Fortune Beleza,high,21,4.459431618637297,0.4972234693812908,2,0.6666666666666666,1,3,1.0,0.6822,1.0,0.6822,Watch
3503,C,North Goa,Bardez,Siolim,HOTN002438,Urja Resort And Guest House,high,21,4.459431618637297,0.4972234693812908,2,0.6666666666666666,1,3,1.0,0.6822,1.0,0.6822,Watch
8366,B,North Goa,Bardez,Candolim,HOTN000677,Zense Resort,high,20,4.392317422778761,0.4897402840421434,2,0.6666666666666666,1,3,1.0,0.6792,1.0,0.6792,Watch
1164,C,North Goa,Bardez,Candolim,HOTN003405,Riva Gold Coast,high,20,4.392317422778761,0.4897402840421434,2,0.6666666666666666,1,3,1.0,0.6792,1.0,0.6792,Watch
208,C,North Goa,Bardez,Calangute,HOTN002397,Hotel Mir Palace Beach Resort,high,20,4.392317422778761,0.4897402840421434,2,0.6666666666666666,1,3,1.0,0.6792,1.0,0.6792,Watch
1619,B,North Goa,Bardez,Saligao,HOTN001344,Shanti Morada,high,20,4.392317422778761,0.4897402840421434,2,0.6666666666666666,1,3,1.0,0.6792,1.0,0.6792,Watch
288,C,North Goa,Bardez,Calangute,HOTN002783,Nordest Lemonmint,high,20,4.392317422778761,0.4897402840421434,2,0.6666666666666666,1,3,1.0,0.6792,1.0,0.6792,Watch
1321,C,North Goa,Bardez,Calangute,HOTN001982,Little Star,high,20,4.392317422778761,0.4897402840421434,2,0.6666666666666666,1,3,1.0,0.6792,1.0,0.6792,Watch
7824,C,North Goa,Bardez,Calangute,HOTN007350,Hotel Ekdanta Elegance,high,20,4.392317422778761,0.4897402840421434,2,0.6666666666666666,1,3,1.0,0.6792,1.0,0.6792,Watch
250,C,North Goa,Bardez,Calangute,HOTN002565,Mayas Holiday Homes,high,20,4.392317422778761,0.4897402840421434,2,0.6666666666666666,1,3,1.0,0.6792,1.0,0.6792,Watch
2049,C,North Goa,Bardez,Calangute,HOTN002965,Elvin De Mar,high,20,4.392317422778761,0.4897402840421434,2,0.6666666666666666,1,3,1.0,0.6792,1.0,0.6792,Watch
90,C,North Goa,Bardez,Calangute,HOTN001795,Alfran Resorts,high,20,4.392317422778761,0.4897402840421434,2,0.6666666666666666,1,3,1.0,0.6792,1.0,0.6792,Watch
536,C,North Goa,Bardez,Calangute,HOTN002584,Miranda Beach Resort,high,20,4.392317422778761,0.4897402840421434,2,0.6666666666666666,1,3,1.0,0.6792,1.0,0.6792,Watch
1210,C,North Goa,Bardez,Calangute,HOTN002835,Blue Marine Beach Resort,high,20,4.392317422778761,0.4897402840421434,2,0.6666666666666666,1,3,1.0,0.6792,1.0,0.6792,Watch
601,C,North Goa,Bardez,Calangute,HOTN001192,Goa Holiday Resort,high,20,4.392317422778761,0.4897402840421434,2,0.6666666666666666,1,3,1.0,0.6792,1.0,0.6792,Watch
1673,C,North Goa,Bardez,Anjuna,HOTN002183,Anamiva,high,20,4.392317422778761,0.4897402840421434,2,0.6666666666666666,1,3,1.0,0.6792,1.0,0.6792,Watch
897,C,North Goa,Bardez,Pilerne,HOTN002339,Hotel Grand Kadamba,high,20,4.392317422778761,0.4897402840421434,2,0.6666666666666666,1,3,1.0,0.6792,1.0,0.6792,Watch
3391,C,North Goa,Bardez,Calangute,HOTN004193,La Mer Guest House,high,20,4.392317422778761,0.4897402840421434,2,0.6666666666666666,1,3,1.0,0.6792,1.0,0.6792,Watch
7083,C,North Goa,Bardez,Arpora,HOTN003053,Dom Carlos Resort,high,20,4.392317422778761,0.4897402840421434,2,0.6666666666666666,1,3,1.0,0.6792,1.0,0.6792,Watch
1924,C,North Goa,Bardez,Calangute,HOTN001807,Sai Guest House,high,20,4.392317422778761,0.4897402840421434,2,0.6666666666666666,1,3,1.0,0.6792,1.0,0.6792,Watch
4814,C,North Goa,Bardez,Candolim,HOTN000550,Ruffles Beach Resort,high,20,4.392317422778761,0.4897402840421434,2,0.6666666666666666,1,3,1.0,0.6792,1.0,0.6792,Watch
414,C,North Goa,Bardez,Sangolda,HOTN001139,Hotel Picnic Plaza,high,20,4.392317422778761,0.4897402840421434,2,0.6666666666666666,1,3,1.0,0.6792,1.0,0.6792,Watch
6703,B,North Goa,Bardez,Arpora,HOT0000048,Mykonos Blu,high,20,4.392317422778761,0.4897402840421434,2,0.6666666666666666,1,3,1.0,0.6792,1.0,0.6792,Watch
7094,C,North Goa,Bardez,Candolim,HOTN004669,Nova Candolim,high,20,4.392317422778761,0.4897402840421434,2,0.6666666666666666,1,3,1.0,0.6792,1.0,0.6792,Watch
1862,C,North Goa,Bardez,Calangute,HOTN002606,Shivam Resort,high,20,4.392317422778761,0.4897402840421434,2,0.6666666666666666,1,3,1.0,0.6792,1.0,0.6792,Watch
1628,C,North Goa,Bardez,Mapusa,HOTN000243,Saiesh International Hotel,high,20,4.392317422778761,0.4897402840421434,2,0.6666666666666666,1,3,1.0,0.6792,1.0,0.6792,Watch
1976,C,North Goa,Bardez,Calangute,HOTN003234,Priti Guest House,high,20,4.392317422778761,0.4897402840421434,2,0.6666666666666666,1,3,1.0,0.6792,1.0,0.6792,Watch
1972,C,North Goa,Bardez,Calangute,HOTN002264,20,low,20,4.392317422778761,0.4897402840421434,2,0.6666666666666666,1,3,1.0,0.6792,1.0,0.6792,Watch
5207,B,North Goa,Bardez,Moira,HOTN005276,20,low,20,4.392317422778761,0.4897402840421434,2,0.6666666666666666,1,3,1.0,0.6792,1.0,0.6792,Watch
2784,C,North Goa,Bardez,Parra,HOTN004610,Nazri Residency,high,20,4.392317422778761,0.4897402840421434,2,0.6666666666666666,1,3,1.0,0.6792,1.0,0.6792,Watch
2277,C,North Goa,Bardez,Arpora,HOTN002049,The Lazy Bee Cottages,high,20,4.392317422778761,0.4897402840421434,2,0.6666666666666666,1,3,1.0,0.6792,1.0,0.6792,Watch
3253,C,North Goa,Bardez,Anjuna,HOTN001274,Da Orange House,high,20,4.392317422778761,0.4897402840421434,2,0.6666666666666666,1,3,1.0,0.6792,1.0,0.6792,Watch
770,C,North Goa,Bardez,Calangute,HOTN002299,Leisure Cottages,high,20,4.392317422778761,0.4897402840421434,2,0.6666666666666666,1,3,1.0,0.6792,1.0,0.6792,Watch
6995,C,North Goa,Bardez,Arpora,HOT0000069,Hotel Goa Continental,high,20,4.392317422778761,0.4897402840421434,2,0.6666666666666666,1,3,1.0,0.6792,1.0,0.6792,Watch
8418,C,North Goa,Bardez,Arpora,HOTN012429,Dom Carlos Resort Phase Ii,high,20,4.392317422778761,0.4897402840421434,2,0.6666666666666666,1,3,1.0,0.6792,1.0,0.6792,Watch
7242,C,North Goa,Bardez,Candolim,HOTN007026,Ruffles Grand Resort,high,20,4.392317422778761,0.4897402840421434,2,0.6666666666666666,1,3,1.0,0.6792,1.0,0.6792,Watch
2425,C,North Goa,Bardez,Calangute,HOTN004559,Seby Grand,high,20,4.392317422778761,0.4897402840421434,2,0.6666666666666666,1,3,1.0,0.6792,1.0,0.6792,Watch
4324,C,North Goa,Bardez,Candolim,HOTN006827,Calizz,high,20,4.392317422778761,0.4897402840421434,2,0.6666666666666666,1,3,1.0,0.6792,1.0,0.6792,Watch
1377,C,North Goa,Bardez,Assagao,HOTN000524,Hotel Astoria,high,20,4.392317422778761,0.4897402840421434,2,0.6666666666666666,1,3,1.0,0.6792,1.0,0.6792,Watch
7619,C,North Goa,Bardez,Calangute,HOTN003834,20,low,20,4.392317422778761,0.4897402840421434,2,0.6666666666666666,1,3,1.0,0.6792,1.0,0.6792,Watch
3441,D,North Goa,Bardez,Assagao,HOTN005840,Willows Elite Tourist Resort,high,20,4.392317422778761,0.4897402840421434,2,0.6666666666666666,1,3,1.0,0.6792,1.0,0.6792,Watch
4329,C,North Goa,Bardez,Calangute,HOTN001768,Fiesta Beach Resort,high,20,4.392317422778761,0.4897402840421434,2,0.6666666666666666,1,3,1.0,0.6792,1.0,0.6792,Watch
7379,B,North Goa,Bardez,Candolim,HOTN000535,Holiday Beach Resort,high,20,4.392317422778761,0.4897402840421434,2,0.6666666666666666,1,3,1.0,0.6792,1.0,0.6792,Watch
4143,C,North Goa,Bardez,Calangute,HOTN001258,Dona Julia Resort,high,20,4.392317422778761,0.4897402840421434,2,0.6666666666666666,1,3,1.0,0.6792,1.0,0.6792,Watch
3675,C,North Goa,Bardez,Arpora,HOTN005004,Resortee Ferro,high,20,4.392317422778761,0.4897402840421434,2,0.6666666666666666,1,3,1.0,0.6792,1.0,0.6792,Watch
5299,C,North Goa,Bardez,Anjuna,HOTN000882,Meraden Opus,high,20,4.392317422778761,0.4897402840421434,2,0.6666666666666666,1,3,1.0,0.6792,1.0,0.6792,Watch
4254,C,North Goa,Bardez,Calangute,HOTN006646,Hotel Bonita Calangute,high,20,4.392317422778761,0.4897402840421434,2,0.6666666666666666,1,3,1.0,0.6792,1.0,0.6792,Watch
9483,C,North Goa,Bardez,Calangute,HOTN001126,Osborne Holiday Resorts,high,20,4.392317422778761,0.4897402840421434,2,0.6666666666666666,1,3,1.0,0.6792,1.0,0.6792,Watch
2670,C,North Goa,Bardez,Calangute,HOTN003049,Goan Holiday Resort,high,20,4.392317422778761,0.4897402840421434,2,0.6666666666666666,1,3,1.0,0.6792,1.0,0.6792,Watch
2887,C,North Goa,Bardez,Calangute,HOTN002158,Costa De Calangute,high,20,4.392317422778761,0.4897402840421434,2,0.6666666666666666,1,3,1.0,0.6792,1.0,0.6792,Watch
2573,C,North Goa,Bardez,Anjuna,HOTN004073,Verandah Goa,high,20,4.392317422778761,0.4897402840421434,2,0.6666666666666666,1,3,1.0,0.6792,1.0,0.6792,Watch
173,C,North Goa,Bardez,Anjuna,HOTN001238,The Belmonte By Ace,high,20,4.392317422778761,0.4897402840421434,2,0.6666666666666666,1,3,1.0,0.6792,1.0,0.6792,Watch
8334,C,North Goa,Bardez,Calangute,HOTN012354,Gaur Opulent,high,20,4.392317422778761,0.4897402840421434,2,0.6666666666666666,1,3,1.0,0.6792,1.0,0.6792,Watch
3432,C,North Goa,Bardez,Calangute,HOTN001617,Hotel Sarala Crown,high,20,4.392317422778761,0.4897402840421434,2,0.6666666666666666,1,3,1.0,0.6792,1.0,0.6792,Watch
2335,C,North Goa,Bardez,Calangute,HOTN003832,Osborne Holiday Resorts,high,20,4.392317422778761,0.4897402840421434,2,0.6666666666666666,1,3,1.0,0.6792,1.0,0.6792,Watch
2267,C,North Goa,Bardez,Calangute,HOTN002566,Mayas Holiday Homes,high,20,4.392317422778761,0.4897402840421434,2,0.6666666666666666,1,3,1.0,0.6792,1.0,0.6792,Watch
2395,C,North Goa,Bardez,Anjuna,HOTN004951,Xoxo Hostel,high,20,4.392317422778761,0.4897402840421434,2,0.6666666666666666,1,3,1.0,0.6792,1.0,0.6792,Watch
743,C,North Goa,Bardez,Candolim,HOTN001948,Jesant Valley Holiday Homes,high,20,4.392317422778761,0.4897402840421434,2,0.6666666666666666,1,3,1.0,0.6792,1.0,0.6792,Watch
1463,C,North Goa,Bardez,Calangute,HOTN001826,Doms Cafe,high,20,4.392317422778761,0.4897402840421434,2,0.6666666666666666,1,3,1.0,0.6792,1.0,0.6792,Watch
4213,C,North Goa,Bardez,Calangute,HOTN006426,Tio Carmino Resort,high,20,4.392317422778761,0.4897402840421434,2,0.6666666666666666,1,3,1.0,0.6792,1.0,0.6792,Watch
2310,C,North Goa,Bardez,Calangute,HOTN000147,Hotel Image Inn,high,20,4.392317422778761,0.4897402840421434,2,0.6666666666666666,1,3,1.0,0.6792,1.0,0.6792,Watch
7703,C,North Goa,Bardez,Arpora,HOTN006526,Etereo Stays,high,20,4.392317422778761,0.4897402840421434,2,0.6666666666666666,1,3,1.0,0.6792,1.0,0.6792,Watch
2382,C,North Goa,Bardez,Arpora,HOTN003870,Cantaloop Hotels (Pvt) Ltd,high,20,4.392317422778761,0.4897402840421434,2,0.6666666666666666,1,3,1.0,0.6792,1.0,0.6792,Watch
144,C,North Goa,Bardez,Anjuna,HOTN002106,20,low,20,4.392317422778761,0.4897402840421434,2,0.6666666666666666,1,3,1.0,0.6792,1.0,0.6792,Watch
2329,C,North Goa,Bardez,Calangute,HOTN001865,The Gomes Oasis,high,20,4.392317422778761,0.4897402840421434,2,0.6666666666666666,1,3,1.0,0.6792,1.0,0.6792,Watch
5975,C,South Goa,Salcete,Margao,HOTS000437,Sanrit Hotel,high,50,5.672425341971496,0.632471411054688,2,0.6666666666666666,2,2,0.6666666666666666,0.653,1.0,0.653,Watch
9047,B,South Goa,Salcete,Colva,HOTS000373,50,low,50,5.672425341971496,0.632471411054688,2,0.6666666666666666,2,2,0.6666666666666666,0.653,1.0,0.653,Watch
6122,B,South Goa,Salcete,Varca,HOTS000683,Country Inn Tarika,high,48,5.614709844115208,0.6260361738910017,2,0.6666666666666666,2,2,0.6666666666666666,0.6504,1.0,0.6504,Watch
6743,B,North Goa,Tiswadi,Panaji,HOTN008141,Effotel By Sayaji,high,48,5.614709844115208,0.6260361738910017,2,0.6666666666666666,2,2,0.6666666666666666,0.6504,1.0,0.6504,Watch
3930,C,South Goa,Salcete,Margao,HOTS000046,Hotel Shree Damodar Regency,high,48,5.614709844115208,0.6260361738910017,2,0.6666666666666666,2,2,0.6666666666666666,0.6504,1.0,0.6504,Watch
6658,B,North Goa,Pernem,Arambol,HOTN012299,Axiom,high,48,5.614709844115208,0.6260361738910017,2,0.6666666666666666,2,2,0.6666666666666666,0.6504,1.0,0.6504,Watch
4877,A,North Goa,Tiswadi,Old Goa,HOTN000422,48,low,48,5.614709844115208,0.6260361738910017,2,0.6666666666666666,2,2,0.6666666666666666,0.6504,1.0,0.6504,Watch
3333,C,North Goa,Tiswadi,Panaji,HOTN002685,TGI Ameya Grand,high,47,5.584962500721157,0.6227193661558074,2,0.6666666666666666,2,2,0.6666666666666666,0.6491,1.0,0.6491,Watch
270,C,North Goa,Tiswadi,Panaji,HOTN002684,Hotel Ravalnath,high,47,5.584962500721157,0.6227193661558074,2,0.6666666666666666,2,2,0.6666666666666666,0.6491,1.0,0.6491,Watch
2079,B,South Goa,Salcete,Margao,HOTS000754,Ginger Hotel,high,47,5.584962500721157,0.6227193661558074,2,0.6666666666666666,2,2,0.6666666666666666,0.6491,1.0,0.6491,Watch
1769,C,North Goa,Tiswadi,Panaji,HOTN001273,Hotel Neptune,high,47,5.584962500721157,0.6227193661558074,2,0.6666666666666666,2,2,0.6666666666666666,0.6491,1.0,0.6491,Watch
2353,B,North Goa,Tiswadi,Panaji,HOTN004564,"Vainguinim Valley, Panaji, Tiswadi, North Goa",high,46,5.554588851677638,0.6193327257839557,2,0.6666666666666666,2,2,0.6666666666666666,0.6477,1.0,0.6477,Watch
4551,C,North Goa,Pernem,Mandrem,HOTN005968,Beach Street,high,46,5.554588851677638,0.6193327257839557,2,0.6666666666666666,2,2,0.6666666666666666,0.6477,1.0,0.6477,Watch
6716,B,North Goa,Tiswadi,Panaji,HOTN001464,Panaji Residency,high,45,5.523561956057013,0.6158732488810825,2,0.6666666666666666,2,2,0.6666666666666666,0.6463,1.0,0.6463,Watch
559,C,North Goa,Tiswadi,Panaji,HOTN001270,Hotel Campal,high,45,5.523561956057013,0.6158732488810825,2,0.6666666666666666,2,2,0.6666666666666666,0.6463,1.0,0.6463,Watch
642,B,North Goa,Tiswadi,Panaji,HOTN000578,Prainha Resort By The Sea,high,45,5.523561956057013,0.6158732488810825,2,0.6666666666666666,2,2,0.6666666666666666,0.6463,1.0,0.6463,Watch
1783,C,North Goa,Pernem,Morgim,HOTN002540,Montego Bay,high,45,5.523561956057013,0.6158732488810825,2,0.6666666666666666,2,2,0.6666666666666666,0.6463,1.0,0.6463,Watch
6694,C,North Goa,Tiswadi,Old Goa,HOTN001664,Old Goa Residency,high,45,5.523561956057013,0.6158732488810825,2,0.6666666666666666,2,2,0.6666666666666666,0.6463,1.0,0.6463,Watch
1623,A,North Goa,Tiswadi,Panaji,HOTN001051,Fortune Miramar,high,45,5.523561956057013,0.6158732488810825,2,0.6666666666666666,2,2,0.6666666666666666,0.6463,1.0,0.6463,Watch
2127,B,South Goa,Salcete,Margao,HOTS000149,Hotel Jyoti Plaza,high,44,5.491853096329675,0.6123377334629608,2,0.6666666666666666,2,2,0.6666666666666666,0.6449,1.0,0.6449,Watch
1533,C,North Goa,Pernem,Morgim,HOTN001015,Classic De Evergreen,high,44,5.491853096329675,0.6123377334629608,2,0.6666666666666666,2,2,0.6666666666666666,0.6449,1.0,0.6449,Watch
4336,B,North Goa,Pernem,Mandrem,HOTN005424,Tan N Sand,high,44,5.491853096329675,0.6123377334629608,2,0.6666666666666666,2,2,0.6666666666666666,0.6449,1.0,0.6449,Watch
7246,B,North Goa,Tiswadi,Panaji,HOTN002464,Hotel Manvins,high,44,5.491853096329675,0.6123377334629608,2,0.6666666666666666,2,2,0.6666666666666666,0.6449,1.0,0.6449,Watch
3849,B,South Goa,Salcete,Benaulim,HOTS000168,Royal Goan Beach Club,high,44,5.491853096329675,0.6123377334629608,2,0.6666666666666666,2,2,0.6666666666666666,0.6449,1.0,0.6449,Watch
5001,B,North Goa,Tiswadi,Panaji,HOTN003419,The Crescent,high,44,5.491853096329675,0.6123377334629608,2,0.6666666666666666,2,2,0.6666666666666666,0.6449,1.0,0.6449,Watch
20,C,North Goa,Tiswadi,Panaji,HOTN000961,Menino Regency,high,43,5.459431618637297,0.608722761646082,2,0.6666666666666666,2,2,0.6666666666666666,0.6435,1.0,0.6435,Watch
823,B,North Goa,Tiswadi,Panaji,HOTN000612,The International Centre,high,43,5.459431618637297,0.608722761646082,2,0.6666666666666666,2,2,0.6666666666666666,0.6435,1.0,0.6435,Watch
561,B,North Goa,Pernem,Mandrem,HOTN000655,Mandrem Beach Resort,high,43,5.459431618637297,0.608722761646082,2,0.6666666666666666,2,2,0.6666666666666666,0.6435,1.0,0.6435,Watch
4335,C,North Goa,Pernem,Mandrem,HOTN006447,Oralia Resorts,high,42,5.426264754702098,0.6050246797906647,2,0.6666666666666666,2,2,0.6666666666666666,0.642,1.0,0.642,Watch
79,C,South Goa,Salcete,Margao,HOTS000409,Hotel Avenue,high,42,5.426264754702098,0.6050246797906647,2,0.6666666666666666,2,2,0.6666666666666666,0.642,1.0,0.642,Watch
4584,C,North Goa,Pernem,Morgim,HOTN004360,"Goa(Ziva Resort & Hospitality Gawdewada, Morgim, Pernem, North Goa",high,42,5.426264754702098,0.6050246797906647,2,0.6666666666666666,2,2,0.6666666666666666,0.642,1.0,0.642,Watch
5425,B,North Goa,Tiswadi,Taleigao,HOTN002516,Sinq Edge,high,42,5.426264754702098,0.6050246797906647,2,0.6666666666666666,2,2,0.6666666666666666,0.642,1.0,0.642,Watch
2149,A,South Goa,Salcete,Varca,HOTS000347,Varca Le Palms Beach Resort,high,41,5.392317422778761,0.6012395763069346,2,0.6666666666666666,2,2,0.6666666666666666,0.6405,1.0,0.6405,Watch
8996,B,South Goa,Salcete,Carmona,HOTS002129,Kayji Real Estate Pvt Ltd,high,40,5.357552004618084,0.5973632567867296,2,0.6666666666666666,2,2,0.6666666666666666,0.6389,1.0,0.6389,Watch
1103,C,South Goa,Salcete,Margao,HOTS000364,Hotel Poonam,high,40,5.357552004618084,0.5973632567867296,2,0.6666666666666666,2,2,0.6666666666666666,0.6389,1.0,0.6389,Watch
5516,C,North Goa,Tiswadi,Panaji,HOTN006532,Bloom Hotel Dona Paula,high,40,5.357552004618084,0.5973632567867296,2,0.6666666666666666,2,2,0.6666666666666666,0.6389,1.0,0.6389,Watch
1471,C,North Goa,Tiswadi,Old Goa,HOTN003004,Ronaldo Restaurant And Hotel,high,40,5.357552004618084,0.5973632567867296,2,0.6666666666666666,2,2,0.6666666666666666,0.6389,1.0,0.6389,Watch
6064,C,South Goa,Salcete,Margao,HOTS000634,Milan Lodge,high,40,5.357552004618084,0.5973632567867296,2,0.6666666666666666,2,2,0.6666666666666666,0.6389,1.0,0.6389,Watch
8639,B,South Goa,Salcete,Margao,HOTS000424,The Sapphire Comfort Hotel,high,39,5.321928094887363,0.5933912160640494,2,0.6666666666666666,2,2,0.6666666666666666,0.6374,1.0,0.6374,Watch
8837,C,South Goa,Salcete,Margao,HOTS002523,Hotel Eagle Empire,high,39,5.321928094887363,0.5933912160640494,2,0.6666666666666666,2,2,0.6666666666666666,0.6374,1.0,0.6374,Watch
6754,B,North Goa,Pernem,Mandrem,HOTN003929,Aquatica Resort & Spa,high,39,5.321928094887363,0.5933912160640494,2,0.6666666666666666,2,2,0.6666666666666666,0.6374,1.0,0.6374,Watch
1573,B,North Goa,Tiswadi,Panaji,HOTN000879,Keni Hotels,high,38,5.285402218862249,0.5893186067378977,2,0.6666666666666666,2,2,0.6666666666666666,0.6357,1.0,0.6357,Watch
9214,C,South Goa,Salcete,Margao,HOTS000735,Om Shiv Hotel,high,38,5.285402218862249,0.5893186067378977,2,0.6666666666666666,2,2,0.6666666666666666,0.6357,1.0,0.6357,Watch
2179,C,South Goa,Salcete,Benaulim,HOTS000804,M/S Grace Hospitalities,high,38,5.285402218862249,0.5893186067378977,2,0.6666666666666666,2,2,0.6666666666666666,0.6357,1.0,0.6357,Watch
9257,B,South Goa,Salcete,Betelbatim,HOTS000471,"Ranvaddo, Betelbatim, Salcete, South Goa- 403713",high,38,5.285402218862249,0.5893186067378977,2,0.6666666666666666,2,2,0.6666666666666666,0.6357,1.0,0.6357,Watch
1618,C,North Goa,Tiswadi,Panaji,HOTN002442,Hotel Vemara,high,38,5.285402218862249,0.5893186067378977,2,0.6666666666666666,2,2,0.6666666666666666,0.6357,1.0,0.6357,Watch
6535,B,North Goa,Tiswadi,Panaji,HOTN000221,Hotel Solmar,high,38,5.285402218862249,0.5893186067378977,2,0.6666666666666666,2,2,0.6666666666666666,0.6357,1.0,0.6357,Watch
8016,C,North Goa,Pernem,Morgim,HOTN007139,Grand Continent Hotel,high,38,5.285402218862249,0.5893186067378977,2,0.6666666666666666,2,2,0.6666666666666666,0.6357,1.0,0.6357,Watch
6709,C,North Goa,Tiswadi,Panaji,HOTN005824,Panjim Gymkhana,high,38,5.285402218862249,0.5893186067378977,2,0.6666666666666666,2,2,0.6666666666666666,0.6357,1.0,0.6357,Watch
1768,C,North Goa,Tiswadi,Panaji,HOTN000731,Park Plaza,high,37,5.247927513443585,0.5851402036058851,2,0.6666666666666666,2,2,0.6666666666666666,0.6341,1.0,0.6341,Watch
2350,B,North Goa,Pernem,Morgim,HOTN003479,May Fair On Sea,high,36,5.20945336562895,0.5808503633540624,2,0.6666666666666666,2,2,0.6666666666666666,0.6323,1.0,0.6323,Watch
6772,B,North Goa,Pernem,Morgim,HOTN002507,Crescent Resort Goa,high,36,5.20945336562895,0.5808503633540624,2,0.6666666666666666,2,2,0.6666666666666666,0.6323,1.0,0.6323,Watch
2385,B,North Goa,Pernem,Mandrem,HOTN003932,Amadi Beach Front Resort,high,36,5.20945336562895,0.5808503633540624,2,0.6666666666666666,2,2,0.6666666666666666,0.6323,1.0,0.6323,Watch
3801,B,South Goa,Salcete,Margao,HOTS000057,Seasons Hotels & Resorts,high,36,5.20945336562895,0.5808503633540624,2,0.6666666666666666,2,2,0.6666666666666666,0.6323,1.0,0.6323,Watch
2077,B,South Goa,Salcete,Colva,HOTS000451,"4th Ward, Colva, Salcete, South Goa- 403708",high,36,5.20945336562895,0.5808503633540624,2,0.6666666666666666,2,2,0.6666666666666666,0.6323,1.0,0.6323,Watch
9316,C,South Goa,Salcete,Aquem,HOTS000091,Hotel Goa'S Pride,high,36,5.20945336562895,0.5808503633540624,2,0.6666666666666666,2,2,0.6666666666666666,0.6323,1.0,0.6323,Watch
8637,C,South Goa,Salcete,Betelbatim,HOTS000054,Alagoa Resorts,high,36,5.20945336562895,0.5808503633540624,2,0.6666666666666666,2,2,0.6666666666666666,0.6323,1.0,0.6323,Watch
5334,B,North Goa,Tiswadi,Panaji,HOTN000223,Hotel Rajdhani,high,35,5.169925001442312,0.5764429787228673,2,0.6666666666666666,2,2,0.6666666666666666,0.6306,1.0,0.6306,Watch
7005,B,North Goa,Tiswadi,Panaji,HOTN001328,Hotel Goa International,high,35,5.169925001442312,0.5764429787228673,2,0.6666666666666666,2,2,0.6666666666666666,0.6306,1.0,0.6306,Watch
5077,B,North Goa,Tiswadi,Panaji,HOTN000522,Varanda Do Mar,high,35,5.169925001442312,0.5764429787228673,2,0.6666666666666666,2,2,0.6666666666666666,0.6306,1.0,0.6306,Watch
2903,B,North Goa,Pernem,Mandrem,HOTN002284,Hidden Paradise,high,35,5.169925001442312,0.5764429787228673,2,0.6666666666666666,2,2,0.6666666666666666,0.6306,1.0,0.6306,Watch
8871,C,South Goa,Salcete,Colva,HOTS002449,La Vida Colva Beach Resort,high,35,5.169925001442312,0.5764429787228673,2,0.6666666666666666,2,2,0.6666666666666666,0.6306,1.0,0.6306,Watch
3888,C,South Goa,Salcete,Margao,HOTS000041,Hotel La Flor,high,35,5.169925001442312,0.5764429787228673,2,0.6666666666666666,2,2,0.6666666666666666,0.6306,1.0,0.6306,Watch
7464,B,North Goa,Tiswadi,Panaji,HOTN000541,Park Prime,high,34,5.129283016944966,0.5719114262151767,2,0.6666666666666666,2,2,0.6666666666666666,0.6288,1.0,0.6288,Watch
1849,C,North Goa,Pernem,Morgim,HOTN003060,Bellevelle Resort,high,33,5.08746284125034,0.5672485062228366,2,0.6666666666666666,2,2,0.6666666666666666,0.6269,1.0,0.6269,Watch
2515,C,North Goa,Pernem,Morgim,HOTN005273,M/S Koko Maya,high,33,5.08746284125034,0.5672485062228366,2,0.6666666666666666,2,2,0.6666666666666666,0.6269,1.0,0.6269,Watch
8959,B,South Goa,Salcete,Margao,HOTS000033,Hotel Panchsheel,high,33,5.08746284125034,0.5672485062228366,2,0.6666666666666666,2,2,0.6666666666666666,0.6269,1.0,0.6269,Watch
6495,B,North Goa,Pernem,Chopdem,HOTN002018,Oasis De Ashiyana,high,33,5.08746284125034,0.5672485062228366,2,0.6666666666666666,2,2,0.6666666666666666,0.6269,1.0,0.6269,Watch
2185,B,South Goa,Salcete,Colva,HOTS000730,Salcete Beach Resort,high,33,5.08746284125034,0.5672485062228366,2,0.6666666666666666,2,2,0.6666666666666666,0.6269,1.0,0.6269,Watch
6433,C,North Goa,Pernem,Morgim,HOTN002705,La Gracia,high,33,5.08746284125034,0.5672485062228366,2,0.6666666666666666,2,2,0.6666666666666666,0.6269,1.0,0.6269,Watch
9254,B,South Goa,Salcete,Verna,HOTS000937,The Classic Verna,high,32,5.044394119358453,0.5624463742131421,2,0.6666666666666666,2,2,0.6666666666666666,0.625,1.0,0.625,Watch
331,C,South Goa,Salcete,Margao,HOTS000742,Hotel Anthurium Circle,high,32,5.044394119358453,0.5624463742131421,2,0.6666666666666666,2,2,0.6666666666666666,0.625,1.0,0.625,Watch
4885,C,North Goa,Pernem,Morgim,HOTN005159,The Acacia Hotel,high,32,5.044394119358453,0.5624463742131421,2,0.6666666666666666,2,2,0.6666666666666666,0.625,1.0,0.625,Watch
8945,C,South Goa,Salcete,Cavelossim,HOTS001324,Mobor Beach Resort,high,32,5.044394119358453,0.5624463742131421,2,0.6666666666666666,2,2,0.6666666666666666,0.625,1.0,0.625,Watch
2449,C,North Goa,Tiswadi,Ella,HOTN003811,"Hotel Paradisso De Goa Resort 325 Peribhat Ela Old Goa, Ella, Tiswadi, North Goa",high,32,5.044394119358453,0.5624463742131421,2,0.6666666666666666,2,2,0.6666666666666666,0.625,1.0,0.625,Watch
2244,B,South Goa,Salcete,Colva,HOTS000300,Hotel Sea Coin,high,32,5.044394119358453,0.5624463742131421,2,0.6666666666666666,2,2,0.6666666666666666,0.625,1.0,0.625,Watch
8754,B,South Goa,Salcete,Colva,HOTS000081,Soul Vacation Resort And Spa,high,32,5.044394119358453,0.5624463742131421,2,0.6666666666666666,2,2,0.6666666666666666,0.625,1.0,0.625,Watch
9476,C,North Goa,Pernem,Morgim,HOTN004235,Shaan Coco Palm,high,31,5.0,0.5574964613239559,2,0.6666666666666666,2,2,0.6666666666666666,0.623,1.0,0.623,Watch
2709,C,North Goa,Pernem,Mandrem,HOTN004558,Dallas Beach Resorts,high,30,4.954196310386876,0.5523893823489764,2,0.6666666666666666,2,2,0.6666666666666666,0.621,1.0,0.621,Watch
6118,C,South Goa,Salcete,Margao,HOTS000455,Star City Hotel,high,30,4.954196310386876,0.5523893823489764,2,0.6666666666666666,2,2,0.6666666666666666,0.621,1.0,0.621,Watch
5964,B,South Goa,Salcete,Velim,HOTS000235,Mayfair Hideaway Spa Resort,high,30,4.954196310386876,0.5523893823489764,2,0.6666666666666666,2,2,0.6666666666666666,0.621,1.0,0.621,Watch
7326,A,North Goa,Tiswadi,Panaji,HOTN000968,Sandalwood Resorts Pvt Ltd,high,30,4.954196310386876,0.5523893823489764,2,0.6666666666666666,2,2,0.6666666666666666,0.621,1.0,0.621,Watch
7168,C,North Goa,Tiswadi,Panaji,HOTN001237,Swimsea Beach Resort,high,30,4.954196310386876,0.5523893823489764,2,0.6666666666666666,2,2,0.6666666666666666,0.621,1.0,0.621,Watch
6007,C,South Goa,Salcete,Majorda,HOTS001756,9 Majorda,high,30,4.954196310386876,0.5523893823489764,2,0.6666666666666666,2,2,0.6666666666666666,0.621,1.0,0.621,Watch
8724,C,South Goa,Salcete,Colva,HOTS000529,Raj Samudra,high,30,4.954196310386876,0.5523893823489764,2,0.6666666666666666,2,2,0.6666666666666666,0.621,1.0,0.621,Watch
1975,C,North Goa,Pernem,Arambol,HOTN002312,Rajdeep,high,30,4.954196310386876,0.5523893823489764,2,0.6666666666666666,2,2,0.6666666666666666,0.621,1.0,0.621,Watch
3032,B,North Goa,Pernem,Mandrem,HOTN003624,Aura Spa And Retreat,high,30,4.954196310386876,0.5523893823489764,2,0.6666666666666666,2,2,0.6666666666666666,0.621,1.0,0.621,Watch
2232,C,South Goa,Salcete,Benaulim,HOTS000525,Carina Beach Resort,high,30,4.954196310386876,0.5523893823489764,2,0.6666666666666666,2,2,0.6666666666666666,0.621,1.0,0.621,Watch
2113,C,South Goa,Salcete,Margao,HOTS000716,Hotel Go Goa,high,30,4.954196310386876,0.5523893823489764,2,0.6666666666666666,2,2,0.6666666666666666,0.621,1.0,0.621,Watch
1745,C,North Goa,Tiswadi,Panaji,HOTN001204,Hotel Manoshanti,high,29,4.906890595608519,0.5471148286311095,2,0.6666666666666666,2,2,0.6666666666666666,0.6188,1.0,0.6188,Watch
4925,C,North Goa,Pernem,Morgim,HOTN006440,Samara A Wellness Hotel,high,29,4.906890595608519,0.5471148286311095,2,0.6666666666666666,2,2,0.6666666666666666,0.6188,1.0,0.6188,Watch
745,C,North Goa,Pernem,Morgim,HOTN003000,Naga Cottages,high,29,4.906890595608519,0.5471148286311095,2,0.6666666666666666,2,2,0.6666666666666666,0.6188,1.0,0.6188,Watch
8432,C,North Goa,Tiswadi,Panaji,HOTN001578,Sun Heads Hotel,high,29,4.906890595608519,0.5471148286311095,2,0.6666666666666666,2,2,0.6666666666666666,0.6188,1.0,0.6188,Watch
5237,C,North Goa,Pernem,Morgim,HOTN006275,Morjim Bliss,high,29,4.906890595608519,0.5471148286311095,2,0.6666666666666666,2,2,0.6666666666666666,0.6188,1.0,0.6188,Watch
2181,B,South Goa,Salcete,Benaulim,HOTS000240,La Grace Resort,high,28,4.857980995127573,0.5416614427925304,2,0.6666666666666666,2,2,0.6666666666666666,0.6167,1.0,0.6167,Watch
2228,C,South Goa,Salcete,Margao,HOTS000093,The Sincro Hotel,high,28,4.857980995127573,0.5416614427925304,2,0.6666666666666666,2,2,0.6666666666666666,0.6167,1.0,0.6167,Watch
9322,C,South Goa,Salcete,Margao,HOTS001832,Golden Vista,high,28,4.857980995127573,0.5416614427925304,2,0.6666666666666666,2,2,0.6666666666666666,0.6167,1.0,0.6167,Watch
9003,C,South Goa,Salcete,Orlim,HOTS001947,The Goan Bliss,high,28,4.857980995127573,0.5416614427925304,2,0.6666666666666666,2,2,0.6666666666666666,0.6167,1.0,0.6167,Watch
5869,C,North Goa,Pernem,Arambol,HOTN007535,La Utopia,high,28,4.857980995127573,0.5416614427925304,2,0.6666666666666666,2,2,0.6666666666666666,0.6167,1.0,0.6167,Watch
8847,C,South Goa,Salcete,Margao,HOTS000035,Hotel Saaj,high,28,4.857980995127573,0.5416614427925304,2,0.6666666666666666,2,2,0.6666666666666666,0.6167,1.0,0.6167,Watch
7730,B,North Goa,Tiswadi,Panaji,HOTN000267,Hotel Aroma,high,28,4.857980995127573,0.5416614427925304,2,0.6666666666666666,2,2,0.6666666666666666,0.6167,1.0,0.6167,Watch
5977,C,South Goa,Salcete,Margao,HOTS000137,Lotus Inn,high,27,4.807354922057604,0.5360166714750833,2,0.6666666666666666,2,2,0.6666666666666666,0.6144,1.0,0.6144,Watch
8738,C,South Goa,Salcete,Varca,HOTS000840,Majestic Eco Comforts,high,26,4.754887502163469,0.5301665912899276,2,0.6666666666666666,2,2,0.6666666666666666,0.6121,1.0,0.6121,Watch
3893,C,South Goa,Salcete,Margao,HOTS000946,Relax Holiday Home,high,26,4.754887502163469,0.5301665912899276,2,0.6666666666666666,2,2,0.6666666666666666,0.6121,1.0,0.6121,Watch
7733,C,North Goa,Pernem,Arambol,HOTN008245,Aym Yoga Resort,high,26,4.754887502163469,0.5301665912899276,2,0.6666666666666666,2,2,0.6666666666666666,0.6121,1.0,0.6121,Watch
646,C,North Goa,Tiswadi,Panaji,HOTN000196,Hotel Sona,high,26,4.754887502163469,0.5301665912899276,2,0.6666666666666666,2,2,0.6666666666666666,0.6121,1.0,0.6121,Watch
1399,C,North Goa,Tiswadi,Panaji,HOTN000967,Hotel Miramar,high,26,4.754887502163469,0.5301665912899276,2,0.6666666666666666,2,2,0.6666666666666666,0.6121,1.0,0.6121,Watch
6577,C,North Goa,Tiswadi,Panaji,HOTN008062,Metropolis Business Hotel,high,26,4.754887502163469,0.5301665912899276,2,0.6666666666666666,2,2,0.6666666666666666,0.6121,1.0,0.6121,Watch
9384,B,South Goa,Salcete,Nuvem,HOTS000217,"Gonvoloy, Nuvem, Salcete, South Goa- 403604",high,25,4.700439718141093,0.5240957019060464,2,0.6666666666666666,2,2,0.6666666666666666,0.6096,1.0,0.6096,Watch
9447,B,North Goa,Tiswadi,Panaji,HOTN001330,Mystique Heights,high,25,4.700439718141093,0.5240957019060464,2,0.6666666666666666,2,2,0.6666666666666666,0.6096,1.0,0.6096,Watch
238,C,North Goa,Pernem,Mandrem,HOTN000884,Sol Beso,high,25,4.700439718141093,0.5240957019060464,2,0.6666666666666666,2,2,0.6666666666666666,0.6096,1.0,0.6096,Watch
7925,C,North Goa,Pernem,Arambol,HOTN004615,Hill Side Guest House,high,25,4.700439718141093,0.5240957019060464,2,0.6666666666666666,2,2,0.6666666666666666,0.6096,1.0,0.6096,Watch
3543,C,North Goa,Pernem,Morgim,HOTN004047,Beach Walk Resort,high,25,4.700439718141093,0.5240957019060464,2,0.6666666666666666,2,2,0.6666666666666666,0.6096,1.0,0.6096,Watch
7854,C,North Goa,Pernem,Arambol,HOTN007493,The Clouds Hotel & Resort,high,25,4.700439718141093,0.5240957019060464,2,0.6666666666666666,2,2,0.6666666666666666,0.6096,1.0,0.6096,Watch
5315,C,North Goa,Pernem,Mandrem,HOTN006311,Sol Fiesta By Himalaya,high,25,4.700439718141093,0.5240957019060464,2,0.6666666666666666,2,2,0.6666666666666666,0.6096,1.0,0.6096,Watch
4007,B,South Goa,Salcete,Colva,HOTS000071,Skylark Resort,high,25,4.700439718141093,0.5240957019060464,2,0.6666666666666666,2,2,0.6666666666666666,0.6096,1.0,0.6096,Watch
6062,C,South Goa,Salcete,Majorda,HOTS001727,Sharma'S Guest House,high,25,4.700439718141093,0.5240957019060464,2,0.6666666666666666,2,2,0.6666666666666666,0.6096,1.0,0.6096,Watch
5706,C,North Goa,Pernem,Mandrem,HOTN004207,Maargit Beach Resort,high,24,4.643856189774724,0.5177866785393516,2,0.6666666666666666,2,2,0.6666666666666666,0.6071,1.0,0.6071,Watch
979,C,South Goa,Salcete,Colva,HOTS000184,Vailankani Cottages,high,24,4.643856189774724,0.5177866785393516,2,0.6666666666666666,2,2,0.6666666666666666,0.6071,1.0,0.6071,Watch
1568,C,North Goa,Pernem,Mandrem,HOTN003373,Ashvem Beach Inn,high,24,4.643856189774724,0.5177866785393516,2,0.6666666666666666,2,2,0.6666666666666666,0.6071,1.0,0.6071,Watch
650,B,North Goa,Tiswadi,Panaji,HOTN000397,Panjim Inn,high,24,4.643856189774724,0.5177866785393516,2,0.6666666666666666,2,2,0.6666666666666666,0.6071,1.0,0.6071,Watch
4914,C,North Goa,Pernem,Morgim,HOTN006730,Bedzzz Morjim,high,24,4.643856189774724,0.5177866785393516,2,0.6666666666666666,2,2,0.6666666666666666,0.6071,1.0,0.6071,Watch
3804,C,South Goa,Salcete,Colva,HOTS000257,Hotel O'Dets,high,24,4.643856189774724,0.5177866785393516,2,0.6666666666666666,2,2,0.6666666666666666,0.6071,1.0,0.6071,Watch
3886,B,South Goa,Salcete,Majorda,HOTS000543,A E Exports Private Limited,high,24,4.643856189774724,0.5177866785393516,2,0.6666666666666666,2,2,0.6666666666666666,0.6071,1.0,0.6071,Watch
409,C,North Goa,Pernem,Arambol,HOTN002511,Durga Resort,high,24,4.643856189774724,0.5177866785393516,2,0.6666666666666666,2,2,0.6666666666666666,0.6071,1.0,0.6071,Watch
1755,C,North Goa,Pernem,Morgim,HOTN002682,White Wood Resort & Spa,high,24,4.643856189774724,0.5177866785393516,2,0.6666666666666666,2,2,0.6666666666666666,0.6071,1.0,0.6071,Watch
488,C,North Goa,Pernem,Morgim,HOTN000105,Sai Sandys Guest House,high,24,4.643856189774724,0.5177866785393516,2,0.6666666666666666,2,2,0.6666666666666666,0.6071,1.0,0.6071,Watch
482,C,North Goa,Tiswadi,Panaji,HOTN000235,Pastina Beach Resort,high,24,4.643856189774724,0.5177866785393516,2,0.6666666666666666,2,2,0.6666666666666666,0.6071,1.0,0.6071,Watch
2429,B,North Goa,Pernem,Morgim,HOTN004356,24,low,24,4.643856189774724,0.5177866785393516,2,0.6666666666666666,2,2,0.6666666666666666,0.6071,1.0,0.6071,Watch
1938,B,North Goa,Tiswadi,Panaji,HOTN001086,Hotel Ashok Plaza,high,24,4.643856189774724,0.5177866785393516,2,0.6666666666666666,2,2,0.6666666666666666,0.6071,1.0,0.6071,Watch
2338,C,North Goa,Pernem,Querim,HOTN004742,Palm Paradise Resort,high,24,4.643856189774724,0.5177866785393516,2,0.6666666666666666,2,2,0.6666666666666666,0.6071,1.0,0.6071,Watch
2221,C,South Goa,Salcete,Benaulim,HOTS000450,Oshin Holiday Care Cottages,high,24,4.643856189774724,0.5177866785393516,2,0.6666666666666666,2,2,0.6666666666666666,0.6071,1.0,0.6071,Watch
3466,C,North Goa,Pernem,Mandrem,HOTN003055,Boomerang Guest House,high,24,4.643856189774724,0.5177866785393516,2,0.6666666666666666,2,2,0.6666666666666666,0.6071,1.0,0.6071,Watch
5070,B,North Goa,Tiswadi,Panaji,HOTN001206,Syscotel,high,24,4.643856189774724,0.5177866785393516,2,0.6666666666666666,2,2,0.6666666666666666,0.6071,1.0,0.6071,Watch
8671,B,South Goa,Salcete,Benaulim,HOTS000636,Treehouse Stamp,high,24,4.643856189774724,0.5177866785393516,2,0.6666666666666666,2,2,0.6666666666666666,0.6071,1.0,0.6071,Watch
2025,C,North Goa,Tiswadi,Panaji,HOTN001646,Hotel Republica,high,24,4.643856189774724,0.5177866785393516,2,0.6666666666666666,2,2,0.6666666666666666,0.6071,1.0,0.6071,Watch
7225,A,North Goa,Tiswadi,Panaji,HOTN001025,L Hotel Eden,high,24,4.643856189774724,0.5177866785393516,2,0.6666666666666666,2,2,0.6666666666666666,0.6071,1.0,0.6071,Watch
2535,C,North Goa,Pernem,Mandrem,HOTN001490,Ashokaking Guest House,high,24,4.643856189774724,0.5177866785393516,2,0.6666666666666666,2,2,0.6666666666666666,0.6071,1.0,0.6071,Watch
2917,C,North Goa,Pernem,Mandrem,HOTN002272,Felix Britto Guest House,high,24,4.643856189774724,0.5177866785393516,2,0.6666666666666666,2,2,0.6666666666666666,0.6071,1.0,0.6071,Watch
3305,C,North Goa,Pernem,Mandrem,HOTN006307,The Ashvem Creek,high,24,4.643856189774724,0.5177866785393516,2,0.6666666666666666,2,2,0.6666666666666666,0.6071,1.0,0.6071,Watch
2512,C,North Goa,Tiswadi,Panaji,HOTN002954,Hotel Marva,high,24,4.643856189774724,0.5177866785393516,2,0.6666666666666666,2,2,0.6666666666666666,0.6071,1.0,0.6071,Watch
1442,C,North Goa,Tiswadi,Panaji,HOTN000533,Hotel La Grande,high,24,4.643856189774724,0.5177866785393516,2,0.6666666666666666,2,2,0.6666666666666666,0.6071,1.0,0.6071,Watch
1226,C,North Goa,Pernem,Mandrem,HOTN002605,The Regalia,high,24,4.643856189774724,0.5177866785393516,2,0.6666666666666666,2,2,0.6666666666666666,0.6071,1.0,0.6071,Watch
6672,C,North Goa,Tiswadi,Panaji,HOTN000605,Paradise Inn,high,24,4.643856189774724,0.5177866785393516,2,0.6666666666666666,2,2,0.6666666666666666,0.6071,1.0,0.6071,Watch
4038,C,South Goa,Salcete,Margao,HOTS000290,Hotel Tanish,high,24,4.643856189774724,0.5177866785393516,2,0.6666666666666666,2,2,0.6666666666666666,0.6071,1.0,0.6071,Watch
3068,C,North Goa,Pernem,Morgim,HOTN003467,Hotel Nifa,high,24,4.643856189774724,0.5177866785393516,2,0.6666666666666666,2,2,0.6666666666666666,0.6071,1.0,0.6071,Watch
1668,C,North Goa,Pernem,Morgim,HOTN001984,Wenzet Cottages,high,24,4.643856189774724,0.5177866785393516,2,0.6666666666666666,2,2,0.6666666666666666,0.6071,1.0,0.6071,Watch
946,C,North Goa,Pernem,Arambol,HOTN002538,Rooh Grand Hotel,high,24,4.643856189774724,0.5177866785393516,2,0.6666666666666666,2,2,0.6666666666666666,0.6071,1.0,0.6071,Watch
1019,C,South Goa,Salcete,Margao,HOTS000051,Hotel Sunaina,high,24,4.643856189774724,0.5177866785393516,2,0.6666666666666666,2,2,0.6666666666666666,0.6071,1.0,0.6071,Watch
5358,C,North Goa,Pernem,Morgim,HOTN005669,24,low,24,4.643856189774724,0.5177866785393516,2,0.6666666666666666,2,2,0.6666666666666666,0.6071,1.0,0.6071,Watch
571,C,North Goa,Pernem,Pernem,HOTN001516,Pleasure Beach Resorts,high,23,4.584962500721157,0.5112200738910161,2,0.6666666666666666,2,2,0.6666666666666666,0.6045,1.0,0.6045,Watch
3706,C,North Goa,Pernem,Morgim,HOTN006209,Arabiansea Beach Resort,high,23,4.584962500721157,0.5112200738910161,2,0.6666666666666666,2,2,0.6666666666666666,0.6045,1.0,0.6045,Watch
6087,C,South Goa,Salcete,Margao,HOTS000999,Sunrise Hotel,high,23,4.584962500721157,0.5112200738910161,2,0.6666666666666666,2,2,0.6666666666666666,0.6045,1.0,0.6045,Watch
6293,C,South Goa,Salcete,Colva,HOTS000453,Colva Tavern Pvt Ltd,high,23,4.584962500721157,0.5112200738910161,2,0.6666666666666666,2,2,0.6666666666666666,0.6045,1.0,0.6045,Watch
3906,C,South Goa,Salcete,Colva,HOTS000984,"Ambeaxir Sernabatim, Colva, Salcete, South Goa-",high,23,4.584962500721157,0.5112200738910161,2,0.6666666666666666,2,2,0.6666666666666666,0.6045,1.0,0.6045,Watch
3052,C,North Goa,Pernem,Pernem,HOTN001609,Villa Vailankani,high,23,4.584962500721157,0.5112200738910161,2,0.6666666666666666,2,2,0.6666666666666666,0.6045,1.0,0.6045,Watch
222,C,North Goa,Tiswadi,Agacaim,HOTN000228,E-Dalian Holiday Village,high,22,4.523561956057013,0.5043739566162914,2,0.6666666666666666,2,2,0.6666666666666666,0.6017,1.0,0.6017,Watch
3727,C,North Goa,Pernem,Arambol,HOTN006238,Ks In Hotel,high,22,4.523561956057013,0.5043739566162914,2,0.6666666666666666,2,2,0.6666666666666666,0.6017,1.0,0.6017,Watch
380,C,North Goa,Tiswadi,Taleigao,HOTN001633,Prazeres Boutique Hotel,high,22,4.523561956057013,0.5043739566162914,2,0.6666666666666666,2,2,0.6666666666666666,0.6017,1.0,0.6017,Watch
9505,C,South Goa,Salcete,Colva,HOTS000148,Amigo Plaza,high,22,4.523561956057013,0.5043739566162914,2,0.6666666666666666,2,2,0.6666666666666666,0.6017,1.0,0.6017,Watch
5966,C,South Goa,Salcete,Margao,HOTS000214,Goa Guest House,high,22,4.523561956057013,0.5043739566162914,2,0.6666666666666666,2,2,0.6666666666666666,0.6017,1.0,0.6017,Watch
8065,B,North Goa,Pernem,Mandrem,HOTN007196,La Palma,high,22,4.523561956057013,0.5043739566162914,2,0.6666666666666666,2,2,0.6666666666666666,0.6017,1.0,0.6017,Watch
3870,C,South Goa,Salcete,Betelbatim,HOTS001282,Praia Da Oura,high,22,4.523561956057013,0.5043739566162914,2,0.6666666666666666,2,2,0.6666666666666666,0.6017,1.0,0.6017,Watch
2409,C,North Goa,Tiswadi,Calapor,HOTN002500,The Green Resort,high,22,4.523561956057013,0.5043739566162914,2,0.6666666666666666,2,2,0.6666666666666666,0.6017,1.0,0.6017,Watch
3973,C,South Goa,Salcete,Margao,HOTS000637,Hill View Hotel,high,22,4.523561956057013,0.5043739566162914,2,0.6666666666666666,2,2,0.6666666666666666,0.6017,1.0,0.6017,Watch
9120,C,South Goa,Salcete,Benaulim,HOTS002051,Mistral By The Sea,high,22,4.523561956057013,0.5043739566162914,2,0.6666666666666666,2,2,0.6666666666666666,0.6017,1.0,0.6017,Watch
1113,C,North Goa,Tiswadi,Panaji,HOTN000678,Hotel Kamal Palace,high,22,4.523561956057013,0.5043739566162914,2,0.6666666666666666,2,2,0.6666666666666666,0.6017,1.0,0.6017,Watch
6543,C,North Goa,Tiswadi,Old Goa,HOTN006420,Glory Goan Family Resort,high,22,4.523561956057013,0.5043739566162914,2,0.6666666666666666,2,2,0.6666666666666666,0.6017,1.0,0.6017,Watch
2807,C,North Goa,Pernem,Pernem,HOTN005991,Aruba Luxury Hotel,high,22,4.523561956057013,0.5043739566162914,2,0.6666666666666666,2,2,0.6666666666666666,0.6017,1.0,0.6017,Watch
961,C,South Goa,Salcete,Colva,HOTS000228,Colva Beach Resort,high,22,4.523561956057013,0.5043739566162914,2,0.6666666666666666,2,2,0.6666666666666666,0.6017,1.0,0.6017,Watch
8889,C,South Goa,Salcete,Colva,HOTS000481,Graciano Cottages,high,22,4.523561956057013,0.5043739566162914,2,0.6666666666666666,2,2,0.6666666666666666,0.6017,1.0,0.6017,Watch
258,C,North Goa,Pernem,Morgim,HOTN002602,La Conceicao,high,22,4.523561956057013,0.5043739566162914,2,0.6666666666666666,2,2,0.6666666666666666,0.6017,1.0,0.6017,Watch
6473,B,North Goa,Tiswadi,Panaji,HOTN000335,"Nr. Dona Paula Jetty, Panaji, Tiswadi, North Goa",high,22,4.523561956057013,0.5043739566162914,2,0.6666666666666666,2,2,0.6666666666666666,0.6017,1.0,0.6017,Watch
1056,C,South Goa,Salcete,Colva,HOTS000744,Krishna Beach Resort & Spa,high,22,4.523561956057013,0.5043739566162914,2,0.6666666666666666,2,2,0.6666666666666666,0.6017,1.0,0.6017,Watch
433,C,North Goa,Pernem,Mandrem,HOTN002254,Oceans 7 Hotels And Resorts,high,22,4.523561956057013,0.5043739566162914,2,0.6666666666666666,2,2,0.6666666666666666,0.6017,1.0,0.6017,Watch
2278,C,North Goa,Pernem,Morgim,HOTN002603,La Conceicao,high,22,4.523561956057013,0.5043739566162914,2,0.6666666666666666,2,2,0.6666666666666666,0.6017,1.0,0.6017,Watch
7524,C,North Goa,Pernem,Arambol,HOTN005437,22,low,22,4.523561956057013,0.5043739566162914,2,0.6666666666666666,2,2,0.6666666666666666,0.6017,1.0,0.6017,Watch
5814,C,North Goa,Pernem,Arambol,HOTN007454,Sohum Spirtual Resort,high,22,4.523561956057013,0.5043739566162914,2,0.6666666666666666,2,2,0.6666666666666666,0.6017,1.0,0.6017,Watch
6323,C,South Goa,Salcete,Velim,HOTS000712,Dempo River Sal,high,22,4.523561956057013,0.5043739566162914,2,0.6666666666666666,2,2,0.6666666666666666,0.6017,1.0,0.6017,Watch
7772,C,North Goa,Tiswadi,Corlim,HOTN007372,Comfort Inn Elite,high,22,4.523561956057013,0.5043739566162914,2,0.6666666666666666,2,2,0.6666666666666666,0.6017,1.0,0.6017,Watch
2626,C,North Goa,Tiswadi,Panaji,HOTN000259,Hotel Liberty,high,22,4.523561956057013,0.5043739566162914,2,0.6666666666666666,2,2,0.6666666666666666,0.6017,1.0,0.6017,Watch
826,C,North Goa,Pernem,Morgim,HOTN002240,La Vaiencia Beach Resort,high,22,4.523561956057013,0.5043739566162914,2,0.6666666666666666,2,2,0.6666666666666666,0.6017,1.0,0.6017,Watch
2132,C,South Goa,Salcete,Benaulim,HOTS000170,"Benaulim Beach, Benaulim, Salcete, South Goa-",high,22,4.523561956057013,0.5043739566162914,2,0.6666666666666666,2,2,0.6666666666666666,0.6017,1.0,0.6017,Watch
3847,B,South Goa,Salcete,Colva,HOTS001142,Vega,high,21,4.459431618637297,0.4972234693812908,2,0.6666666666666666,2,2,0.6666666666666666,0.5989,1.0,0.5989,Watch
3283,C,North Goa,Pernem,Morgim,HOTN005396,Bellini Morjim Resort,high,21,4.459431618637297,0.4972234693812908,2,0.6666666666666666,2,2,0.6666666666666666,0.5989,1.0,0.5989,Watch
7536,D,North Goa,Pernem,Arambol,HOTN000773,Ms Anant Guest House,high,21,4.459431618637297,0.4972234693812908,2,0.6666666666666666,2,2,0.6666666666666666,0.5989,1.0,0.5989,Watch
449,C,North Goa,Pernem,Mandrem,HOTN001989,North 39,high,21,4.459431618637297,0.4972234693812908,2,0.6666666666666666,2,2,0.6666666666666666,0.5989,1.0,0.5989,Watch
516,C,North Goa,Pernem,Morgim,HOTN001571,Pleasure River Front,high,21,4.459431618637297,0.4972234693812908,2,0.6666666666666666,2,2,0.6666666666666666,0.5989,1.0,0.5989,Watch
7928,C,North Goa,Pernem,Morgim,HOTN004334,Grand Inn Resort,high,21,4.459431618637297,0.4972234693812908,2,0.6666666666666666,2,2,0.6666666666666666,0.5989,1.0,0.5989,Watch
2781,C,North Goa,Pernem,Arambol,HOTN005967,"341 Madhalawada, Arambol, Pernem, North Goa",high,21,4.459431618637297,0.4972234693812908,2,0.6666666666666666,2,2,0.6666666666666666,0.5989,1.0,0.5989,Watch
6042,C,South Goa,Salcete,Benaulim,HOTS000146,Rosario Inn,high,21,4.459431618637297,0.4972234693812908,2,0.6666666666666666,2,2,0.6666666666666666,0.5989,1.0,0.5989,Watch
6333,C,South Goa,Salcete,Margao,HOTS000710,Viva Hotel,high,21,4.459431618637297,0.4972234693812908,2,0.6666666666666666,2,2,0.6666666666666666,0.5989,1.0,0.5989,Watch
2904,C,North Goa,Pernem,Morgim,HOTN001734,Village Resort Morjim,high,21,4.459431618637297,0.4972234693812908,2,0.6666666666666666,2,2,0.6666666666666666,0.5989,1.0,0.5989,Watch
1222,C,North Goa,Tiswadi,Old Goa,HOTN000456,Shubhankar Heritage,high,21,4.459431618637297,0.4972234693812908,2,0.6666666666666666,2,2,0.6666666666666666,0.5989,1.0,0.5989,Watch
247,C,North Goa,Pernem,Arambol,HOTN002366,7 Delca Bello,high,21,4.459431618637297,0.4972234693812908,2,0.6666666666666666,2,2,0.6666666666666666,0.5989,1.0,0.5989,Watch
3084,C,North Goa,Pernem,Morgim,HOTN004216,The Upper House,high,21,4.459431618637297,0.4972234693812908,2,0.6666666666666666,2,2,0.6666666666666666,0.5989,1.0,0.5989,Watch
3449,C,North Goa,Pernem,Morgim,HOTN004855,Valletta,high,21,4.459431618637297,0.4972234693812908,2,0.6666666666666666,2,2,0.6666666666666666,0.5989,1.0,0.5989,Watch
928,C,North Goa,Pernem,Morgim,HOTN003093,Rock Bite Luxury Resort,high,21,4.459431618637297,0.4972234693812908,2,0.6666666666666666,2,2,0.6666666666666666,0.5989,1.0,0.5989,Watch
1024,C,South Goa,Salcete,Benaulim,HOTS000296,L'Amour Beach Resort,high,21,4.459431618637297,0.4972234693812908,2,0.6666666666666666,2,2,0.6666666666666666,0.5989,1.0,0.5989,Watch
1622,C,North Goa,Pernem,Mandrem,HOTN003384,La Vera Boutique Hotel,high,21,4.459431618637297,0.4972234693812908,2,0.6666666666666666,2,2,0.6666666666666666,0.5989,1.0,0.5989,Watch
2407,C,North Goa,Pernem,Morgim,HOTN004982,Octave Rococco Morjim,high,20,4.392317422778761,0.4897402840421434,2,0.6666666666666666,2,2,0.6666666666666666,0.5959,1.0,0.5959,Watch
6445,C,North Goa,Tiswadi,Taleigao,HOTN002031,Hotel Sea Prince Suites,high,20,4.392317422778761,0.4897402840421434,2,0.6666666666666666,2,2,0.6666666666666666,0.5959,1.0,0.5959,Watch
2954,C,North Goa,Pernem,Mandrem,HOTN004840,Babu Beach Resort,high,20,4.392317422778761,0.4897402840421434,2,0.6666666666666666,2,2,0.6666666666666666,0.5959,1.0,0.5959,Watch
1063,C,South Goa,Salcete,Colva,HOTS000676,Vincy Beach Resort,high,20,4.392317422778761,0.4897402840421434,2,0.6666666666666666,2,2,0.6666666666666666,0.5959,1.0,0.5959,Watch
6011,C,South Goa,Salcete,Margao,HOTS001055,Xec Residency,high,20,4.392317422778761,0.4897402840421434,2,0.6666666666666666,2,2,0.6666666666666666,0.5959,1.0,0.5959,Watch
44,C,North Goa,Tiswadi,Panaji,HOTN001320,Ananaz Hotel,high,20,4.392317422778761,0.4897402840421434,2,0.6666666666666666,2,2,0.6666666666666666,0.5959,1.0,0.5959,Watch
1711,C,North Goa,Pernem,Mandrem,HOTN003406,La Blanca,high,20,4.392317422778761,0.4897402840421434,2,0.6666666666666666,2,2,0.6666666666666666,0.5959,1.0,0.5959,Watch
2705,C,North Goa,Pernem,Arambol,HOTN000263,Famafa Beach Resort,high,20,4.392317422778761,0.4897402840421434,2,0.6666666666666666,2,2,0.6666666666666666,0.5959,1.0,0.5959,Watch
6324,C,South Goa,Salcete,Benaulim,HOTS000425,Palm Grove Cottages,high,20,4.392317422778761,0.4897402840421434,2,0.6666666666666666,2,2,0.6666666666666666,0.5959,1.0,0.5959,Watch
7727,C,North Goa,Pernem,Arambol,HOTN004597,Veda5 Wellness Retreat & Spa,high,20,4.392317422778761,0.4897402840421434,2,0.6666666666666666,2,2,0.6666666666666666,0.5959,1.0,0.5959,Watch
3807,C,South Goa,Salcete,Margao,HOTS000642,Hotel Red Roof,high,20,4.392317422778761,0.4897402840421434,2,0.6666666666666666,2,2,0.6666666666666666,0.5959,1.0,0.5959,Watch
2788,C,North Goa,Pernem,Arambol,HOTN003851,Syl Resort,high,20,4.392317422778761,0.4897402840421434,2,0.6666666666666666,2,2,0.6666666666666666,0.5959,1.0,0.5959,Watch
8094,C,North Goa,Pernem,Arambol,HOTN007131,Jingle Tree Resort,high,20,4.392317422778761,0.4897402840421434,2,0.6666666666666666,2,2,0.6666666666666666,0.5959,1.0,0.5959,Watch
1001,C,South Goa,Salcete,Utorda,HOTS000105,The Village Inn,high,20,4.392317422778761,0.4897402840421434,2,0.6666666666666666,2,2,0.6666666666666666,0.5959,1.0,0.5959,Watch
3880,C,South Goa,Salcete,Sernabatim,HOTS000273,Camilsons Beach Resort,high,20,4.392317422778761,0.4897402840421434,2,0.6666666666666666,2,2,0.6666666666666666,0.5959,1.0,0.5959,Watch
781,C,North Goa,Pernem,Mandrem,HOTN000777,Hotel Shankar,high,20,4.392317422778761,0.4897402840421434,2,0.6666666666666666,2,2,0.6666666666666666,0.5959,1.0,0.5959,Watch
2258,B,South Goa,Salcete,Varca,HOTS000403,The Center Court Hotel,high,20,4.392317422778761,0.4897402840421434,2,0.6666666666666666,2,2,0.6666666666666666,0.5959,1.0,0.5959,Watch
2139,C,South Goa,Salcete,Benaulim,HOTS000183,Star Of The Sea,high,20,4.392317422778761,0.4897402840421434,2,0.6666666666666666,2,2,0.6666666666666666,0.5959,1.0,0.5959,Watch
1037,C,South Goa,Salcete,Margao,HOTS000321,Hotel Good Shepherd,high,20,4.392317422778761,0.4897402840421434,2,0.6666666666666666,2,2,0.6666666666666666,0.5959,1.0,0.5959,Watch
3453,C,North Goa,Pernem,Arambol,HOTN003933,Sandbanks Beach Resort,high,20,4.392317422778761,0.4897402840421434,2,0.6666666666666666,2,2,0.6666666666666666,0.5959,1.0,0.5959,Watch
27,C,South Goa,Salcete,Colva,HOTS000045,Hotel Blonel Beach Resort,high,20,4.392317422778761,0.4897402840421434,2,0.6666666666666666,2,2,0.6666666666666666,0.5959,1.0,0.5959,Watch
4520,C,North Goa,Pernem,Mandrem,HOTN007248,The Riverside By Baywaves,high,20,4.392317422778761,0.4897402840421434,2,0.6666666666666666,2,2,0.6666666666666666,0.5959,1.0,0.5959,Watch
4787,C,North Goa,Pernem,Arambol,HOTN001962,Hilltop Guest House,high,20,4.392317422778761,0.4897402840421434,2,0.6666666666666666,2,2,0.6666666666666666,0.5959,1.0,0.5959,Watch
6797,C,North Goa,Pernem,Morgim,HOTN006835,La Prince Suites,high,20,4.392317422778761,0.4897402840421434,2,0.6666666666666666,2,2,0.6666666666666666,0.5959,1.0,0.5959,Watch
2510,C,North Goa,Pernem,Mandrem,HOTN004237,Larisa Hotel And Resort,high,20,4.392317422778761,0.4897402840421434,2,0.6666666666666666,2,2,0.6666666666666666,0.5959,1.0,0.5959,Watch
3455,C,North Goa,Pernem,Morgim,HOTN005735,Ciroc Beach Resort,high,20,4.392317422778761,0.4897402840421434,2,0.6666666666666666,2,2,0.6666666666666666,0.5959,1.0,0.5959,Watch
1667,C,North Goa,Pernem,Mandrem,HOTN000682,Hotel Garima Of Mandrem,high,20,4.392317422778761,0.4897402840421434,2,0.6666666666666666,2,2,0.6666666666666666,0.5959,1.0,0.5959,Watch
1046,C,South Goa,Salcete,Colva,HOTS000617,Sukhsagar Beach Resort,high,20,4.392317422778761,0.4897402840421434,2,0.6666666666666666,2,2,0.6666666666666666,0.5959,1.0,0.5959,Watch
1431,C,North Goa,Tiswadi,Panaji,HOT0000045,Hotel Swapna,high,20,4.392317422778761,0.4897402840421434,2,0.6666666666666666,2,2,0.6666666666666666,0.5959,1.0,0.5959,Watch
1660,C,North Goa,Pernem,Arambol,HOTN000201,Villa Oceanic Guest House,high,20,4.392317422778761,0.4897402840421434,2,0.6666666666666666,2,2,0.6666666666666666,0.5959,1.0,0.5959,Watch
2956,C,North Goa,Pernem,Arambol,HOTN005283,Rama Resort,high,20,4.392317422778761,0.4897402840421434,2,0.6666666666666666,2,2,0.6666666666666666,0.5959,1.0,0.5959,Watch
7383,C,North Goa,Tiswadi,Old Goa,HOTN007783,Maharaja Agrashen Bhavan,high,20,4.392317422778761,0.4897402840421434,2,0.6666666666666666,2,2,0.6666666666666666,0.5959,1.0,0.5959,Watch
818,C,North Goa,Pernem,Mandrem,HOTN002160,Crystal Serenity,high,20,4.392317422778761,0.4897402840421434,2,0.6666666666666666,2,2,0.6666666666666666,0.5959,1.0,0.5959,Watch
3371,C,North Goa,Pernem,Arambol,HOTN005577,"Arambol, Arambol, Pernem, North Goa- 400053",high,20,4.392317422778761,0.4897402840421434,2,0.6666666666666666,2,2,0.6666666666666666,0.5959,1.0,0.5959,Watch
1754,C,North Goa,Pernem,Mandrem,HOTN002680,Stone Wood Resort & Spa,high,20,4.392317422778761,0.4897402840421434,2,0.6666666666666666,2,2,0.6666666666666666,0.5959,1.0,0.5959,Watch
6245,C,South Goa,Salcete,Margao,HOTS000393,Hotel Surya Palace,high,20,4.392317422778761,0.4897402840421434,2,0.6666666666666666,2,2,0.6666666666666666,0.5959,1.0,0.5959,Watch
570,C,North Goa,Pernem,Morgim,HOTN001898,Pleasure Inn,high,20,4.392317422778761,0.4897402840421434,2,0.6666666666666666,2,2,0.6666666666666666,0.5959,1.0,0.5959,Watch
827,C,North Goa,Pernem,Arambol,HOTN003241,Casa Obrigado,high,20,4.392317422778761,0.4897402840421434,2,0.6666666666666666,2,2,0.6666666666666666,0.5959,1.0,0.5959,Watch
1818,C,North Goa,Pernem,Arambol,HOTN002482,Namo Namah Resort,high,20,4.392317422778761,0.4897402840421434,2,0.6666666666666666,2,2,0.6666666666666666,0.5959,1.0,0.5959,Watch
1072,B,South Goa,Canacona,Canacona,HOTS000753,Sobit Sarovar Portico,high,48,5.614709844115208,0.6260361738910017,2,0.6666666666666666,3,1,0.3333333333333333,0.5671,1.0,0.5671,Watch
9131,C,South Goa,Mormugao,Mormugao,HOTS000552,Vasco Residency,high,45,5.523561956057013,0.6158732488810825,2,0.6666666666666666,3,1,0.3333333333333333,0.563,1.0,0.563,Watch
330,C,South Goa,Mormugao,Mormugao,HOTS000688,Hotel Manish,high,44,5.491853096329675,0.6123377334629608,2,0.6666666666666666,3,1,0.3333333333333333,0.5616,1.0,0.5616,Watch
2202,C,South Goa,Canacona,Canacona,HOTS000520,Molyma Resorts,high,42,5.426264754702098,0.6050246797906647,2,0.6666666666666666,3,1,0.3333333333333333,0.5587,1.0,0.5587,Watch
3884,C,South Goa,Mormugao,Velsao,HOTS001152,Stone Water Eco Resort,high,40,5.357552004618084,0.5973632567867296,2,0.6666666666666666,3,1,0.3333333333333333,0.5556,1.0,0.5556,Watch
6292,B,South Goa,Mormugao,Mormugao,HOTS000477,Hotel Nagina,high,39,5.321928094887363,0.5933912160640494,2,0.6666666666666666,3,1,0.3333333333333333,0.554,1.0,0.554,Watch
6038,B,South Goa,Mormugao,Mormugao,HOTS001730,"Vaddem Vasco, Mormugao, Mormugao, South",high,37,5.247927513443585,0.5851402036058851,2,0.6666666666666666,3,1,0.3333333333333333,0.5507,1.0,0.5507,Watch
85,B,South Goa,Mormugao,Mormugao,HOTS000332,Maharaja Hotels,high,37,5.247927513443585,0.5851402036058851,2,0.6666666666666666,3,1,0.3333333333333333,0.5507,1.0,0.5507,Watch
9180,C,South Goa,Ponda,Ponda,HOTS000630,Farmagudi Residency,high,37,5.247927513443585,0.5851402036058851,2,0.6666666666666666,3,1,0.3333333333333333,0.5507,1.0,0.5507,Watch
9219,C,South Goa,Canacona,Canacona,HOTS000593,The Pentacon A Resort,high,36,5.20945336562895,0.5808503633540624,2,0.6666666666666666,3,1,0.3333333333333333,0.549,1.0,0.549,Watch
1095,C,South Goa,Mormugao,Mormugao,HOTS000660,Hotel Citadel,high,36,5.20945336562895,0.5808503633540624,2,0.6666666666666666,3,1,0.3333333333333333,0.549,1.0,0.549,Watch
3992,C,South Goa,Mormugao,Mormugao,HOTS000479,Hotel Rebelo,high,33,5.08746284125034,0.5672485062228366,2,0.6666666666666666,3,1,0.3333333333333333,0.5436,1.0,0.5436,Watch
9380,B,South Goa,Mormugao,Mormugao,HOTS000313,Hotel Annapurna,high,33,5.08746284125034,0.5672485062228366,2,0.6666666666666666,3,1,0.3333333333333333,0.5436,1.0,0.5436,Watch
9143,B,South Goa,Mormugao,Issorcim,HOTS000340,32,low,32,5.044394119358453,0.5624463742131421,2,0.6666666666666666,3,1,0.3333333333333333,0.5416,1.0,0.5416,Watch
3791,B,South Goa,Mormugao,Mormugao,HOTS000613,The Flora Grand,high,32,5.044394119358453,0.5624463742131421,2,0.6666666666666666,3,1,0.3333333333333333,0.5416,1.0,0.5416,Watch
6345,C,South Goa,Canacona,Canacona,HOTS001588,Filcon Resort,high,30,4.954196310386876,0.5523893823489764,2,0.6666666666666666,3,1,0.3333333333333333,0.5376,1.0,0.5376,Watch
8977,C,South Goa,Canacona,Canacona,HOTS001102,De Garland Palolem,high,30,4.954196310386876,0.5523893823489764,2,0.6666666666666666,3,1,0.3333333333333333,0.5376,1.0,0.5376,Watch
8483,A,South Goa,Quepem,Quepem,HOTS000454,Gymkhana Club Goa,high,29,4.906890595608519,0.5471148286311095,2,0.6666666666666666,3,1,0.3333333333333333,0.5355,1.0,0.5355,Watch
9128,C,South Goa,Mormugao,Zuarinagar,HOTS002073,Hotel Navil Exotica,high,29,4.906890595608519,0.5471148286311095,2,0.6666666666666666,3,1,0.3333333333333333,0.5355,1.0,0.5355,Watch
9061,C,South Goa,Sanguem,Xelpem,HOTS002094,Amritara Serenity,high,25,4.700439718141093,0.5240957019060464,2,0.6666666666666666,3,1,0.3333333333333333,0.5263,1.0,0.5263,Watch
2164,C,South Goa,Canacona,Canacona,HOTS000711,Palolem Guest House,high,25,4.700439718141093,0.5240957019060464,2,0.6666666666666666,3,1,0.3333333333333333,0.5263,1.0,0.5263,Watch
2125,C,South Goa,Canacona,Canacona,HOTS000034,Palolem Beach Resort,high,25,4.700439718141093,0.5240957019060464,2,0.6666666666666666,3,1,0.3333333333333333,0.5263,1.0,0.5263,Watch
3904,C,South Goa,Mormugao,Mormugao,HOTS000127,Kamakshi Hotel,high,24,4.643856189774724,0.5177866785393516,2,0.6666666666666666,3,1,0.3333333333333333,0.5238,1.0,0.5238,Watch
8914,C,South Goa,Ponda,Ponda,HOTS001022,Hotel Yashoda Deluxe,high,24,4.643856189774724,0.5177866785393516,2,0.6666666666666666,3,1,0.3333333333333333,0.5238,1.0,0.5238,Watch
3876,C,South Goa,Canacona,Canacona,HOTS001122,M/S Palolem Resorts Llp,high,24,4.643856189774724,0.5177866785393516,2,0.6666666666666666,3,1,0.3333333333333333,0.5238,1.0,0.5238,Watch
2247,B,South Goa,Mormugao,Mormugao,HOTS000379,Hotel Z Square,high,24,4.643856189774724,0.5177866785393516,2,0.6666666666666666,3,1,0.3333333333333333,0.5238,1.0,0.5238,Watch
6143,C,South Goa,Mormugao,Mormugao,HOTS001382,Royal Altis Hotel,high,24,4.643856189774724,0.5177866785393516,2,0.6666666666666666,3,1,0.3333333333333333,0.5238,1.0,0.5238,Watch
958,C,South Goa,Ponda,Ponda,HOTS000070,Hotel Shivram Classic,high,24,4.643856189774724,0.5177866785393516,2,0.6666666666666666,3,1,0.3333333333333333,0.5238,1.0,0.5238,Watch
3799,C,South Goa,Mormugao,Sancoale,HOTS000708,Argo,high,24,4.643856189774724,0.5177866785393516,2,0.6666666666666666,3,1,0.3333333333333333,0.5238,1.0,0.5238,Watch
1051,B,South Goa,Sanguem,Molem,HOTS000202,Dudhsagar Spa Resort,high,24,4.643856189774724,0.5177866785393516,2,0.6666666666666666,3,1,0.3333333333333333,0.5238,1.0,0.5238,Watch
2087,B,South Goa,Mormugao,Cansaulim,HOTS000536,Nova,high,24,4.643856189774724,0.5177866785393516,2,0.6666666666666666,3,1,0.3333333333333333,0.5238,1.0,0.5238,Watch
1038,C,South Goa,Canacona,Canacona,HOTS000367,Sea View Resort,high,24,4.643856189774724,0.5177866785393516,2,0.6666666666666666,3,1,0.3333333333333333,0.5238,1.0,0.5238,Watch
8717,C,South Goa,Ponda,Ponda,HOTS000073,Sungrace Estate Developers,high,24,4.643856189774724,0.5177866785393516,2,0.6666666666666666,3,1,0.3333333333333333,0.5238,1.0,0.5238,Watch
3793,B,South Goa,Canacona,Canacona,HOTS000042,The Tubki Resort,high,24,4.643856189774724,0.5177866785393516,2,0.6666666666666666,3,1,0.3333333333333333,0.5238,1.0,0.5238,Watch
4066,C,South Goa,Canacona,Canacona,HOTS001132,Akasa Goa,high,23,4.584962500721157,0.5112200738910161,2,0.6666666666666666,3,1,0.3333333333333333,0.5212,1.0,0.5212,Watch
3863,C,South Goa,Mormugao,Mormugao,HOTS000734,Gladstone Lodging,high,22,4.523561956057013,0.5043739566162914,2,0.6666666666666666,3,1,0.3333333333333333,0.5184,1.0,0.5184,Watch
3995,C,South Goa,Canacona,Canacona,HOTS000658,22,low,22,4.523561956057013,0.5043739566162914,2,0.6666666666666666,3,1,0.3333333333333333,0.5184,1.0,0.5184,Watch
8463,C,South Goa,Canacona,Agonda,HOTS000541,Dunhill Beach Resort,high,22,4.523561956057013,0.5043739566162914,2,0.6666666666666666,3,1,0.3333333333333333,0.5184,1.0,0.5184,Watch
8751,C,South Goa,Ponda,Orgao,HOTS002259,Hotel Omkar,high,22,4.523561956057013,0.5043739566162914,2,0.6666666666666666,3,1,0.3333333333333333,0.5184,1.0,0.5184,Watch
2204,C,South Goa,Canacona,Canacona,HOTS000783,Silver Star Lodging House,high,21,4.459431618637297,0.4972234693812908,2,0.6666666666666666,3,1,0.3333333333333333,0.5156,1.0,0.5156,Watch
156,C,South Goa,Mormugao,Mormugao,HOTS000395,Hotel Vasco,high,21,4.459431618637297,0.4972234693812908,2,0.6666666666666666,3,1,0.3333333333333333,0.5156,1.0,0.5156,Watch
1101,C,South Goa,Canacona,Canacona,HOTS000859,Martins Crest,high,21,4.459431618637297,0.4972234693812908,2,0.6666666666666666,3,1,0.3333333333333333,0.5156,1.0,0.5156,Watch
8529,B,South Goa,Mormugao,Mormugao,HOTS000190,Coconut Creek Resort,high,20,4.392317422778761,0.4897402840421434,2,0.6666666666666666,3,1,0.3333333333333333,0.5126,1.0,0.5126,Watch
6124,C,South Goa,Ponda,Usgao,HOTS001908,Nagesh Water World,high,20,4.392317422778761,0.4897402840421434,2,0.6666666666666666,3,1,0.3333333333333333,0.5126,1.0,0.5126,Watch
8895,C,South Goa,Ponda,Cundaim,HOTS001200,Hotel Vaishali,high,20,4.392317422778761,0.4897402840421434,2,0.6666666666666666,3,1,0.3333333333333333,0.5126,1.0,0.5126,Watch
8765,B,South Goa,Mormugao,Arossim,HOTS000357,Pristine Resort,high,20,4.392317422778761,0.4897402840421434,2,0.6666666666666666,3,1,0.3333333333333333,0.5126,1.0,0.5126,Watch
1099,C,South Goa,Ponda,Ponda,HOTS000504,Hotel City Central,high,20,4.392317422778761,0.4897402840421434,2,0.6666666666666666,3,1,0.3333333333333333,0.5126,1.0,0.5126,Watch
2159,C,South Goa,Quepem,Quepem,HOTS000935,Hotel Pedro Bab,high,20,4.392317422778761,0.4897402840421434,2,0.6666666666666666,3,1,0.3333333333333333,0.5126,1.0,0.5126,Watch
3055,C,North Goa,Bicholim,Bicholim,HOTN003438,Hotel Z Square Bicholim,high,20,4.392317422778761,0.4897402840421434,2,0.6666666666666666,3,1,0.3333333333333333,0.5126,1.0,0.5126,Watch
8748,C,South Goa,Ponda,Ponda,HOTS000380,Hotel Menino,high,20,4.392317422778761,0.4897402840421434,2,0.6666666666666666,3,1,0.3333333333333333,0.5126,1.0,0.5126,Watch
9391,C,South Goa,Ponda,Codar,HOTS000909,Rock Valley Resort,high,20,4.392317422778761,0.4897402840421434,2,0.6666666666666666,3,1,0.3333333333333333,0.5126,1.0,0.5126,Watch
3879,C,South Goa,Canacona,Agonda,HOTS000738,Cupids Heaven,high,20,4.392317422778761,0.4897402840421434,2,0.6666666666666666,3,1,0.3333333333333333,0.5126,1.0,0.5126,Watch
2145,C,South Goa,Mormugao,Mormugao,HOTS000624,Hotel Rukmini,high,20,4.392317422778761,0.4897402840421434,2,0.6666666666666666,3,1,0.3333333333333333,0.5126,1.0,0.5126,Watch
8950,C,South Goa,Sanguem,Netorli,HOTS000739,Hideaway Goa,high,20,4.392317422778761,0.4897402840421434,2,0.6666666666666666,3,1,0.3333333333333333,0.5126,1.0,0.5126,Watch
334,C,South Goa,Mormugao,Mormugao,HOTS000802,The Tato Hotel,high,20,4.392317422778761,0.4897402840421434,2,0.6666666666666666,3,1,0.3333333333333333,0.5126,1.0,0.5126,Watch
